Schnatterer,75,Germany,FC Heidenheim 1846
Caicedo,72,Ecuador,Ecuador
Fernandez,75,Chile,Chile
Orozco,72,Venezuela,Puebla FC
Basham,72,England,Sheffield United
Valverde,76,Uruguay,Real Madrid
Droguett,72,Chile,CD Universidad de Concepcion
Aurier,80,Ivory Coast,Tottenham Hotspur
Mawson,74,England,Fulham
Larsen,74,Denmark,Borussia Dortmund
Vertonghen,87,Belgium,Tottenham Hotspur
Holer,72,Germany,SC Freiburg
Stocker,73,Switzerland,FC Basel 1893
Naismith,73,Scotland,Heart of Midlothian
Bergwijn,80,Netherlands,PSV
Walker,84,England,Manchester City
Imbula,75,France,Rayo Vallecano
Moreno,76,Colombia,Shanghai Greenland Shenhua FC
Paletta,77,Italy,Jiangsu Suning FC
Trimmel,72,Austria,FC Union Berlin
Buffarini,74,Argentina,Boca Juniors
Abeid,73,Algeria,Dijon FCO
Rongier,79,France,FC Nantes
Beerens,71,Netherlands,Vitesse
Maresic,72,Austria,SK Sturm Graz
Finnbogason,79,Iceland,FC Augsburg
Higuain,87,Argentina,Chelsea
Olunga,72,Kenya,Kashiwa Reysol
Rog,75,Croatia,Sevilla FC
Agbo,73,Nigeria,Rayo Vallecano
Demirel,74,Turkey,Fenerbahce SK
Izquierdo,76,Colombia,Brighton & Hove Albion
Gimenez,74,Argentina,Velez Sarsfield
Mavinga,72,DR Congo,Toronto FC
Caldirola,72,Italy,Benevento
Heuer Fernandes,73,Portugal,SV Darmstadt 98
Hawsawi,72,Saudi Arabia,Al Ahli
Espinosa,77,Colombia,Girona FC
Martinez,75,Paraguay,Club Atlas
Monetti,73,Argentina,San Lorenzo de Almagro
Henrichs,76,Germany,AS Monaco
Ibarguen,73,Colombia,Club America
Guerreiro,81,Portugal,Borussia Dortmund
Thauvin,84,France,Olympique de Marseille
Rice,74,Republic of Ireland,West Ham United
Barkley,79,England,Chelsea
Davies,75,England,Derby County
Sural,73,Czech Republic,Alanyaspor
Augustinsson,77,Sweden,SV Werder Bremen
Monnet-Paquet,73,France,AS Saint-etienne
Muller,86,Germany,FC Bayern Munchen
Cragno,78,Italy,Cagliari
Dionisi,73,Italy,Frosinone
Ibisevic,77,Bosnia Herzegovina,Hertha BSC
Rossi,72,Argentina,Club Atletico Huracan
Celik,74,Turkey,LOSC Lille
Diawara,76,Guinea,Napoli
Strootman,82,Netherlands,Olympique de Marseille
Al Faraj,73,Saudi Arabia,Al Hilal
Tashaev,73,Russia,Spartak Moscow
Vukovic,74,Serbia,Olympiacos CFP
Martinsson Ngouali,72,Gabon,Hammarby IF
Elias,71,Argentina,Godoy Cruz
Acosta,77,Argentina,DC United
Pacinda,72,Slovakia,Viktoria Plzen
Diekmeier,73,Germany,SV Sandhausen
Webster,73,England,Bristol City
Bradley,76,United States,Toronto FC
Karius,79,Germany,Besiktas JK
Aboubakar,80,Cameroon,Cameroon
Huntelaar,77,Netherlands,Ajax
Alli,85,England,Tottenham Hotspur
Svensson,74,Norway,AZ Alkmaar
Sydorchuk,77,Ukraine,Dynamo Kyiv
Milner,81,England,Liverpool
Quintero,76,Colombia,Minnesota United FC
Dos Santos,75,Mexico,LA Galaxy
Visca,83,Bosnia Herzegovina,Medipol Basaksehir FK
Martinez,79,Argentina,Atlanta United
Guilavogui,80,France,VfL Wolfsburg
Torreira,82,Uruguay,Arsenal
Brown,76,Scotland,Celtic
Ciofani,73,Italy,Frosinone
Vida,80,Croatia,Besiktas JK
Srarfi,72,Tunisia,OGC Nice
Brekalo,76,Croatia,VfL Wolfsburg
Depoitre,74,Belgium,Huddersfield Town
Rigoni,74,Italy,Chievo Verona
Ishak,74,Sweden,FC Nurnberg
Belozoglu,79,Turkey,Medipol Basaksehir FK
Chygrynskyi,76,Ukraine,AEK Athens
Babacar,75,Senegal,Sassuolo
Subasic,82,Croatia,AS Monaco
Tatarusanu,80,Romania,FC Nantes
Mena,74,Ecuador,Club Leon
Plata,74,Ecuador,Real Salt Lake
Zimmerman,72,United States,Los Angeles FC
Gonzalez,74,Argentina,Godoy Cruz
Bastien,72,Belgium,Standard de Liege
Birsa,80,Slovenia,Cagliari
Alderete,72,Paraguay,Club Atletico Huracan
El Ahmadi,77,Morocco,Al Ittihad
Dembele,84,France,FC Barcelona
Norwood,75,Northern Ireland,Sheffield United
Burdisso,74,Argentina,Independiente
Larin,74,Canada,Besiktas JK
Bertolo,72,Argentina,Club Atletico Banfield
Pratto,79,Argentina,River Plate
Rodriguez,73,Colombia,Minnesota United FC
Goretzka,83,Germany,FC Bayern Munchen
Tagliafico,80,Argentina,Ajax
Boye,72,Ghana,FC Metz
Gerndt,72,Sweden,FC Lugano
Ciano,74,Italy,Frosinone
Asare,73,Ghana,KAA Gent
Lennon,76,England,Burnley
Carson,73,England,Derby County
Smithies,73,England,Cardiff City
Chochev,74,Bulgaria,Palermo
Vlasic,75,Croatia,PFC CSKA Moscow
Trebel,78,France,RSC Anderlecht
Clucas,73,England,Stoke City
Nsame,72,Cameroon,BSC Young Boys
Chery,72,Netherlands,Kayserispor
Germain,76,France,Olympique de Marseille
Niederlechner,75,Germany,SC Freiburg
Onyekuru,76,Nigeria,Galatasaray SK
Jullien,72,France,Toulouse Football Club
Sala,72,Italy,Sampdoria
Velazquez,74,Uruguay,Rayo Vallecano
Benali,72,Libya,Crotone
Bazoer,74,Netherlands,FC Utrecht
Taider,76,Algeria,Montreal Impact
Bennett,72,England,Cardiff City
Vargas,72,Venezuela,Newcastle Jets
Prcic,74,Bosnia Herzegovina,RC Strasbourg Alsace
Heurtaux,73,France,MKE Ankaragucu
Martin,73,Mexico,Mexico
Carole,72,France,RC Strasbourg Alsace
Brozovic,81,Croatia,Inter
Correa,81,Argentina,Atletico Madrid
Badji,72,Senegal,Bursaspor
Turan,76,Turkey,Medipol Basaksehir FK
Gonzalez,74,Mexico,Monterrey
Zappacosta,79,Italy,Chelsea
Maguire,82,England,Leicester City
Januzaj,79,Belgium,Real Sociedad
Sau,72,Italy,Sampdoria
Son,85,Korea Republic,Tottenham Hotspur
Blas,76,France,En Avant de Guingamp
Hahn,73,Netherlands,SC Heerenveen
Ghoulam,81,Algeria,Napoli
Idrissi,75,Morocco,AZ Alkmaar
Ribas,75,Uruguay,Club Atletico Lanus
Usami,74,Japan,Fortuna Dusseldorf
Oztekin,74,Turkey,Goztepe SK
Soucek,76,Czech Republic,SK Slavia Praha
Rajkovic,75,Serbia,Palermo
Jorgensen,77,Denmark,Huddersfield Town
Neuhaus,76,Germany,Borussia Monchengladbach
Mandi,80,Algeria,Real Betis
Svensson,74,Sweden,Seattle Sounders FC
Mushekwi,72,Zimbabwe,Dalian YiFang FC
Larsson,75,Sweden,Feyenoord
Marin,76,Romania,Standard de Liege
Baier,78,Germany,FC Augsburg
Bardsley,72,Scotland,Burnley
Oztunali,74,Germany,FSV Mainz 05
Ben Haim,72,Israel,Sparta Praha
Martinez,72,Argentina,Union de Santa Fe
Sanchez,71,Mexico,Guadalajara
Martial,84,France,Manchester United
Kashia,75,Georgia,San Jose Earthquakes
Capoue,79,France,Watford
Schick,77,Czech Republic,Roma
Simon,76,Nigeria,Levante UD
Le Tallec,74,France,Montpellier HSC
Hahn,73,Germany,FC Augsburg
Areola,81,France,Paris Saint-Germain
De Laet,72,Belgium,Melbourne City FC
Pyatov,77,Ukraine,Shakhtar Donetsk
Maras,72,Serbia,GD Chaves
Maignan,76,France,LOSC Lille
Diamanka,74,Senegal,CD Numancia
Padt,75,Netherlands,FC Groningen
Caballero,75,Argentina,Chelsea
Ulloa,73,Argentina,Pachuca
Gutierrez,72,Chile,CD Palestino
Gulde,75,Germany,SC Freiburg
Yokuslu,77,Turkey,RC Celta
Lukebakio,75,Belgium,Fortuna Dusseldorf
Muto,76,Japan,Newcastle United
Delgado,72,Argentina,Defensa y Justicia
Karsdorp,75,Netherlands,Roma
Britos,74,Uruguay,Watford
Bebou,77,Togo,Hannover 96
Delaine,72,France,FC Metz
Ramirez,79,Uruguay,Sampdoria
Villar,77,Paraguay,Paraguay
Calik,72,Turkey,Galatasaray SK
Sorg,73,Germany,Hannover 96
Kedziora,74,Poland,Dynamo Kyiv
Nuytinck,74,Netherlands,Udinese
Nakoulma,73,Burkina Faso,caykur Rizespor
Grunwald,73,Austria,FK Austria Wien
Perez,73,Argentina,San Lorenzo de Almagro
Prediger,73,Argentina,Club Atletico Tigre
Pied,73,France,LOSC Lille
Vydra,74,Czech Republic,Burnley
Tannane,73,Morocco,FC Utrecht
Kramaric,83,Croatia,TSG 1899 Hoffenheim
Barisic,72,Croatia,Rangers FC
Camara,72,Guinea,Olympiacos CFP
Maripan,77,Chile,Deportivo Alaves
Cesar,73,Slovenia,Chievo Verona
Francis,75,England,Bournemouth
Nkoulou,80,Cameroon,Torino
Mechele,76,Belgium,Club Brugge KV
Badelj,79,Croatia,Lazio
Glushakov,75,Russia,Spartak Moscow
Martinez,82,Venezuela,Atlanta United
Ward-Prowse,77,England,Southampton
Chandler,77,United States,Eintracht Frankfurt
Reichel,73,Germany,FC Union Berlin
Depay,84,Netherlands,Olympique Lyonnais
Sema,72,Sweden,Watford
Lunin,76,Ukraine,CD Leganes
Medina,72,Colombia,Monterrey
Suttner,72,Austria,Fortuna Dusseldorf
Byram,72,England,Nottingham Forest
Strakosha,82,Albania,Lazio
Gamba,74,Argentina,Club Atletico Huracan
Skrtel,80,Slovakia,Fenerbahce SK
Andreolli,72,Italy,Chievo Verona
Chavez,73,Argentina,Club Atletico Huracan
Guemez,72,Mexico,Mexico
Vaulks,72,England,Rotherham United
Herrera,82,Mexico,Mexico
Tekin,76,Turkey,Fenerbahce SK
Izzo,77,Italy,Torino
Romanczuk,72,Poland,Jagiellonia Bialystok
Babacan,77,Turkey,Medipol Basaksehir FK
N'Dinga,72,Congo,Sivasspor
Buyuk,73,Turkey,Yeni Malatyaspor
Toljan,73,Germany,Celtic
Gregoritsch,79,Austria,FC Augsburg
Casteels,83,Belgium,VfL Wolfsburg
Bammou,72,Morocco,Stade Malherbe Caen
Ings,76,England,Southampton
Odegaard,75,Norway,Vitesse
Frey,72,Switzerland,Fenerbahce SK
Gruezo,72,Ecuador,FC Dallas
Magnanelli,75,Italy,Sassuolo
Moravek,72,Czech Republic,FC Augsburg
Zuffi,76,Switzerland,FC Basel 1893
Wilson,74,Wales,Derby County
Aranguiz,72,Chile,FC Dallas
Kelly,75,England,Crystal Palace
Pulisic,78,United States,Borussia Dortmund
Pinola,77,Argentina,River Plate
Kadar,75,Hungary,Dynamo Kyiv
O'Connell,73,England,Sheffield United
Redmond,75,England,Southampton
Sobottka,72,Germany,Fortuna Dusseldorf
Zaha,82,Ivory Coast,Crystal Palace
Xhaka,81,Switzerland,Arsenal
Novikovas,72,Lithuania,Jagiellonia Bialystok
Kalinski,74,Argentina,Estudiantes de La Plata
Onisiwo,72,Austria,FSV Mainz 05
McGeady,73,Republic of Ireland,Sunderland
Dzeko,85,Bosnia Herzegovina,Roma
Romero,76,Paraguay,Shanghai Greenland Shenhua FC
Iwobi,78,Nigeria,Arsenal
Mendy,72,France,En Avant de Guingamp
Puncheon,72,England,Huddersfield Town
Sansone,76,Italy,Bologna
Mehmedi,77,Switzerland,VfL Wolfsburg
Bauer,73,Austria,Stoke City
Sancho,79,England,Borussia Dortmund
Gigliotti,77,Argentina,Deportivo Toluca
Dean,71,England,Birmingham City
Loftus-Cheek,78,England,Chelsea
Mandanda,82,France,Olympique de Marseille
Tadic,81,Serbia,Ajax
Lozano,74,Honduras,Girona FC
James,72,England,Leicester City
Jovic,81,Serbia,Eintracht Frankfurt
Dioudis,73,Greece,Panathinaikos FC
Kramer,71,Netherlands,FC Utrecht
Schiavone,71,Italy,Venezia FC
Nkunku,76,France,Paris Saint-Germain
Grytebust,74,Norway,Odense Boldklub
Danjuma Groeneveld,76,Netherlands,Club Brugge KV
Castagnetti,72,Italy,US Cremonese
Njie,73,Cameroon,Olympique de Marseille
Sallai,72,Hungary,SC Freiburg
Rodriguez,76,England,West Bromwich Albion
Valentini,71,Germany,FC Nurnberg
Chipciu,72,Romania,Sparta Praha
Dunk,78,England,Brighton & Hove Albion
Varane,86,France,Real Madrid
Vural,72,Turkey,Akhisar Belediyespor
Jedvaj,76,Croatia,Bayer 04 Leverkusen
Milligan,72,Australia,Hibernian
Keane,79,England,Everton
Haps,74,Netherlands,Feyenoord
Ravet,74,France,Grasshopper Club Zurich
Chara,75,Colombia,Portland Timbers
Yabo,73,Germany,DSC Arminia Bielefeld
Grujic,76,Serbia,Hertha BSC
Brenet,75,Netherlands,TSG 1899 Hoffenheim
Rispoli,73,Italy,Palermo
Baba,74,Ghana,Stade de Reims
Butelle,75,France,Angers SCO
Medel,79,Chile,Besiktas JK
Max,77,Germany,FC Augsburg
Molino,72,Trinidad & Tobago,Minnesota United FC
Cota,74,Mexico,Club Leon
Kessie,79,Ivory Coast,Milan
Lazzari,78,Italy,SPAL
Brady,76,Republic of Ireland,Burnley
Semenov,74,Russia,Russia
Theophile-Catherine,74,France,Dinamo Zagreb
Howard,72,United States,Colorado Rapids
Mendy,79,France,Olympique Lyonnais
Partey,82,Ghana,Atletico Madrid
Perrin,80,France,AS Saint-etienne
Montero,76,Colombia,Vancouver Whitecaps FC
Buonanotte,77,Argentina,Universidad Catolica
Vikonis,74,Uruguay,Puebla FC
Bialkowski,72,Poland,Ipswich Town
Boudebouz,79,Algeria,RC Celta
Hurtado,75,Peru,Atiker Konyaspor
Magnusson,73,Iceland,PFC CSKA Moscow
Roef,73,Belgium,Waasland-Beveren
Johnstone,75,England,West Bromwich Albion
Hamid,73,United States,DC United
Mbaye,73,Senegal,Bologna
Dost,83,Netherlands,Sporting CP
Cuadrado,76,Colombia,Atletico Nacional
Paredes,75,Chile,Chile
Delort,77,France,Montpellier HSC
Abraham,78,Argentina,Eintracht Frankfurt
Rode,76,Germany,Eintracht Frankfurt
Latovlevici,71,Romania,Bursaspor
Ndombele,80,France,Olympique Lyonnais
Dewaest,74,Belgium,KRC Genk
Barzagli,83,Italy,Juventus
Arboleda,72,Colombia,Independiente Santa Fe
Inglese,77,Italy,Parma
Lux,72,Argentina,River Plate
Umtiti,87,France,FC Barcelona
Hubnik,74,Czech Republic,Viktoria Plzen
Laifis,74,Cyprus,Standard de Liege
Wilczek,73,Poland,Brondby IF
Lerager,75,Denmark,Genoa
Martinez,72,Argentina,Reading
Vela,81,Mexico,Los Angeles FC
Waldschmidt,74,Germany,SC Freiburg
Alaba,84,Austria,FC Bayern Munchen
Wernbloom,79,Sweden,PAOK
Balogun,75,Nigeria,Brighton & Hove Albion
Duarte,76,Costa Rica,RCD Espanyol
Olsen,78,Sweden,Roma
Kums,75,Belgium,RSC Anderlecht
Kakuta,75,DR Congo,Rayo Vallecano
Kace,72,Albania,Panathinaikos FC
Djenepo,72,Mali,Standard de Liege
Kouame,73,Ivory Coast,Genoa
Pasquini,73,Argentina,Club Atletico Lanus
Ayew,77,Ghana,Fenerbahce SK
Rodriguez,72,Chile,U.N.A.M.
Petagna,76,Italy,SPAL
Defrel,78,France,Sampdoria
Castro,72,Colombia,Kaizer Chiefs
Hendrix,77,Netherlands,PSV
Salah,89,Egypt,Liverpool
Brosinski,76,Germany,FSV Mainz 05
Gosling,74,England,Bournemouth
Luongo,73,Australia,Queens Park Rangers
Kramer,81,Germany,Borussia Monchengladbach
Hinterseer,74,Austria,VfL Bochum 1848
Benedetti,74,Colombia,Club America
Majer,73,Croatia,Dinamo Zagreb
Walter,72,France,OGC Nice
Borini,76,Italy,Milan
Diop,74,Spain,Olympique Lyonnais
Valdifiori,75,Italy,SPAL
En-Nesyri,74,Morocco,CD Leganes
Pezzella,80,Argentina,Fiorentina
Lucumi,72,Colombia,Atletico Nacional
Volland,81,Germany,Bayer 04 Leverkusen
Dominguez,77,Argentina,Racing Club
Borner,72,Germany,DSC Arminia Bielefeld
Radu,72,Romania,Genoa
Klose,75,Switzerland,Norwich City
Vietto,75,Argentina,Fulham
Banana,73,Cameroon,Cameroon
Cristaldo,72,Argentina,Racing Club
Drobny,72,Czech Republic,Fortuna Dusseldorf
Emond,73,Belgium,Standard de Liege
Guthmundsson,79,Iceland,Burnley
Saponara,78,Italy,Sampdoria
Erdinc,72,Turkey,Antalyaspor
Jimenez,72,Colombia,Lobos BUAP
Yarmolenko,80,Ukraine,West Ham United
Kainz,75,Austria,FC Koln
Lemoine,73,France,FC Lorient
Szymanowski,77,Argentina,CD Leganes
Tello,72,Colombia,Benevento
Conti,76,Argentina,SL Benfica
Schwegler,75,Switzerland,Hannover 96
M'Vila,80,France,AS Saint-etienne
Phillips,74,England,Leeds United
Lenglet,82,France,FC Barcelona
Estigarribia,74,Paraguay,Club Atletico Colon
Aguilera,72,Argentina,Club America
Ceravolo,72,Italy,Parma
Pavlovic,75,Croatia,Angers SCO
Dordevic,73,Serbia,Chievo Verona
Gentiletti,73,Argentina,Albacete BP
Meza,78,Argentina,Argentina
Ingason,73,Iceland,PAOK
Ekdal,77,Sweden,Sampdoria
Kone,75,Ivory Coast,RC Strasbourg Alsace
Kohr,77,Germany,Bayer 04 Leverkusen
Ferreyra,77,Argentina,RCD Espanyol
Sand,77,Argentina,Club Atletico Lanus
Smolov,81,Russia,Lokomotiv Moscow
Seri,80,Ivory Coast,Fulham
Sturaro,75,Italy,Genoa
Yanga-Mbiwa,73,France,Olympique Lyonnais
Van der Wiel,73,Netherlands,Toronto FC
Salcedo,73,Paraguay,Club Atletico Huracan
Ortiz,74,Paraguay,Paraguay
Ter Stegen,89,Germany,FC Barcelona
Viera,74,Paraguay,Godoy Cruz
Chimino,73,Argentina,Club Atletico Huracan
Barrios,78,Colombia,Colombia
Doucoure,81,France,Watford
Karamoh,76,France,FC Girondins de Bordeaux
Andre,77,France,Stade Rennais FC
Mitrita,74,Romania,New York City FC
Kamara,72,France,Olympique de Marseille
Omlin,72,Switzerland,Switzerland
De Blasis,74,Argentina,SD Eibar
Keseru,73,Romania,Romania
Ralls,74,England,Cardiff City
Vainqueur,76,France,AS Monaco
Soto,71,Argentina,Racing Club
Kenny,73,England,Everton
Karelis,72,Greece,PAOK
Molinaro,72,Italy,Frosinone
Lukaku,86,Belgium,Manchester United
Halstenberg,78,Germany,RB Leipzig
Izco,72,Argentina,Cosenza
N'Doye,74,Senegal,FC Kobenhavn
Kone,74,Ivory Coast,Sivasspor
Cvitanich,77,Argentina,Racing Club
Conti,75,Italy,Milan
Chichizola,77,Argentina,Getafe CF
Helander,75,Sweden,Bologna
Demir,72,Turkey,Sivasspor
Mykhalyk,74,Ukraine,Lokomotiv Moscow
Gerkens,72,Belgium,RSC Anderlecht
Pjaca,76,Croatia,Fiorentina
Katai,74,Serbia,Chicago Fire
Allen,76,Wales,Stoke City
Nakamura,73,Japan,Kawasaki Frontale
Elis,75,Honduras,Houston Dynamo
Valencia,76,Ecuador,Ecuador
Ito,73,Japan,KRC Genk
Trapp,81,Germany,Eintracht Frankfurt
Lanaro,72,Argentina,Universidad Catolica
Fernandes,71,Switzerland,Fiorentina
Roberts,74,England,Girona FC
Armani,80,Argentina,Argentina
Del Valle,74,Colombia,Queretaro
Iori,72,Italy,Cittadella
Hofler,72,Germany,SC Freiburg
Lingard,82,England,Manchester United
Montiel,74,Argentina,River Plate
Hazard,91,Belgium,Real Madrid
Carcela-Gonzalez,77,Morocco,Standard de Liege
Zengin,72,Turkey,Besiktas JK
Fernandes,75,Chile,Alanyaspor
Perez,77,Paraguay,RCD Espanyol
Dockal,76,Czech Republic,Sparta Praha
Cork,77,England,Burnley
Isla,75,Chile,Fenerbahce SK
Kololli,72,Kosovo,FC Zurich
Eschenko,74,Russia,Spartak Moscow
Obasi,72,Nigeria,AIK
Bolasie,74,DR Congo,RSC Anderlecht
Orellana,77,Chile,SD Eibar
Poli,77,Italy,Bologna
Osorio,71,Canada,Toronto FC
Vargas,76,Colombia,Deportivo Cali
Balanta,76,Colombia,FC Basel 1893
Koolwijk,72,Netherlands,Excelsior
Ndongala,73,DR Congo,KRC Genk
Lawrence,74,Jamaica,New York Red Bulls
Kayal,72,Israel,Brighton & Hove Albion
Radonjic,72,Serbia,Olympique de Marseille
Duffy,72,England,Sheffield United
Vasin,77,Russia,PFC CSKA Moscow
Giovinco,82,Italy,Italy
Diedhiou,73,Senegal,Bristol City
Losilla,72,France,VfL Bochum 1848
Insua,72,Argentina,Panathinaikos FC
Walke,73,Germany,FC Red Bull Salzburg
Margreitter,74,Austria,FC Nurnberg
Pisano,72,Argentina,Club Atletico Aldosivi
Nunez,72,Argentina,Atletico Tucuman
Lees,72,England,Sheffield Wednesday
Penaranda,73,Venezuela,Watford
Rybus,72,Poland,Lokomotiv Moscow
Forshaw,72,England,Leeds United
Romao,75,Togo,Stade de Reims
Bakambu,82,DR Congo,Beijing Sinobo Guoan FC
Borjan,73,Canada,Canada
Mount,74,England,Derby County
Sankhare,75,Senegal,FC Girondins de Bordeaux
Sportiello,78,Italy,Frosinone
Tesillo,74,Colombia,Club Leon
Lewandowski,90,Poland,FC Bayern Munchen
Kagawa,80,Japan,Besiktas JK
Gomis,76,Senegal,SPAL
Hakimi,78,Morocco,Borussia Dortmund
Hansen,75,Norway,Rosenborg BK
Cohen,73,Israel,FC Ingolstadt 04
Melgarejo,74,Paraguay,Spartak Moscow
Howedes,81,Germany,Lokomotiv Moscow
Gouweleeuw,79,Netherlands,FC Augsburg
Messi,94,Argentina,Paris Saint-Germain
Perin,84,Italy,Juventus
Belluschi,76,Argentina,San Lorenzo de Almagro
Bossut,72,Belgium,SV Zulte-Waregem
Souquet,74,France,KAA Gent
Donnarumma,75,Italy,Brescia
Falcinelli,74,Italy,Bologna
Mendy,76,France,Leicester City
Jojic,74,Serbia,Medipol Basaksehir FK
Ortiz,74,Argentina,Club Atletico Colon
Moreno,72,Colombia,Santos Laguna
Fraser,78,Scotland,Bournemouth
Reynet,78,France,Toulouse Football Club
Veljkovic,76,Serbia,SV Werder Bremen
Mooy,78,Australia,Huddersfield Town
Dominguez,74,Paraguay,Independiente
Ritchie,77,Scotland,Newcastle United
Jutkiewicz,71,England,Birmingham City
Van de Streek,72,Netherlands,FC Utrecht
Cagiran,74,Turkey,caykur Rizespor
Schrijvers,74,Belgium,Club Brugge KV
Pollersbeck,72,Germany,Hamburger SV
Arnautovic,82,Austria,West Ham United
Chester,74,Wales,Aston Villa
D'Ambrosio,76,Italy,Inter
Kamara,74,Sierra Leone,Colorado Rapids
Sorloth,72,Norway,KAA Gent
Claesson,75,Sweden,Sweden
Zulj,74,Austria,RSC Anderlecht
Aguilar,78,France,Montpellier HSC
Rosted,72,Norway,KAA Gent
Chumacero,74,Bolivia,Bolivia
Amalfitano,74,France,Dijon FCO
Tonali,71,Italy,Brescia
Niang,76,Senegal,Stade Rennais FC
Cutrone,77,Italy,Milan
McGregor,75,Scotland,Rangers FC
Dumfries,76,Netherlands,PSV
Campana,79,Uruguay,Uruguay
Derdiyok,73,Switzerland,Galatasaray SK
Sessegnon,75,England,Fulham
Ceppitelli,72,Italy,Cagliari
Ryan,80,Australia,Brighton & Hove Albion
Hack,74,Germany,FSV Mainz 05
Suarez,75,Argentina,River Plate
Johansson,72,Sweden,Panathinaikos FC
Fortounis,78,Greece,Olympiacos CFP
Daniels,75,England,Bournemouth
Robertone,72,Argentina,Velez Sarsfield
Jagielka,77,England,Everton
Kolodziejczak,75,France,AS Saint-etienne
Delaney,82,Denmark,Borussia Dortmund
Djilobodji,72,Senegal,En Avant de Guingamp
Holzhauser,72,Austria,Grasshopper Club Zurich
Gomis,81,France,Al Hilal
Koybasi,73,Turkey,Fenerbahce SK
Cardona,74,Colombia,Colombia
Bocanegra,75,Colombia,Atletico Nacional
Mahi,72,Morocco,FC Groningen
Obi,74,Nigeria,Alanyaspor
Criscito,80,Italy,Genoa
Carrasco,83,Belgium,Belgium
Jones,72,Northern Ireland,Kilmarnock
Steffen,75,United States,Columbus Crew SC
Uth,79,Germany,FC Schalke 04
Stephens,74,England,Southampton
Janmaat,77,Netherlands,Watford
Fuchs,74,Austria,Leicester City
Jelavic,72,Croatia,Guizhou Hengfeng FC
Falk,75,Denmark,FC Kobenhavn
Traore,72,Mali,KSV Cercle Brugge
Piatek,76,Poland,Milan
Hubner,73,Germany,FC Union Berlin
Stekelenburg,73,Netherlands,Everton
Pajot,73,France,Angers SCO
Silva,74,Argentina,CD Leganes
Davies,71,England,Preston North End
Barrada,73,Morocco,Gimnastic de Tarragona
Jensen,74,Denmark,Rosenborg BK
Beausejour,74,Chile,Chile
Garay,82,Argentina,Valencia CF
Mathieu,81,France,Sporting CP
Edouard,73,France,Celtic
Mora,74,Chile,U.N.A.M.
Zakaria,77,Switzerland,Borussia Monchengladbach
Mangala,76,France,Manchester City
Beck,74,Germany,VfB Stuttgart
Hart,78,England,Burnley
Mulder,72,Netherlands,Swansea City
Niakhate,74,France,FSV Mainz 05
Banguera,73,Ecuador,Ecuador
Stones,83,England,Manchester City
Baumann,83,Germany,TSG 1899 Hoffenheim
Defour,79,Belgium,Burnley
Higuain,77,Argentina,Columbus Crew SC
Berardi,78,Italy,Sassuolo
Burda,74,Ukraine,Dynamo Kyiv
Hooper,73,England,Sheffield Wednesday
Orsolini,73,Italy,Bologna
Fernandez,72,Argentina,Estudiantes de La Plata
Sertic,72,France,FC Zurich
Funes Mori,76,Argentina,Monterrey
Caligiuri,79,Italy,FC Schalke 04
Gonzalez,72,Paraguay,U.N.A.M.
Gomez,80,Uruguay,RC Celta
Demme,79,Germany,RB Leipzig
Chambers,74,England,Fulham
Choupo-Moting,77,Cameroon,Paris Saint-Germain
Torosidis,73,Greece,Olympiacos CFP
Holebas,78,Greece,Watford
Bourigeaud,77,France,Stade Rennais FC
Carrera,71,Argentina,Atletico Tucuman
Skrzybski,73,Germany,FC Schalke 04
El Zhar,76,Morocco,CD Leganes
Piedrahita,72,Colombia,Junior FC
Vogt,81,Germany,TSG 1899 Hoffenheim
Song,74,Cameroon,FC Sion
Gouano,74,France,Amiens SC
Kucher,73,Ukraine,Kayserispor
Sosa,76,Argentina,Trabzonspor
Cabrera,74,Uruguay,Getafe CF
Kraft,76,Germany,Hertha BSC
Biglia,82,Argentina,Milan
Galanopoulos,72,Greece,AEK Athens
Ibarra,75,Ecuador,Ecuador
Boyd,72,Scotland,Kilmarnock
Sule,84,Germany,FC Bayern Munchen
Pizarro,74,Peru,SV Werder Bremen
Onazi,75,Nigeria,Trabzonspor
Dubois,78,France,Olympique Lyonnais
Milenkovic,72,Serbia,Fiorentina
Boulaya,72,Algeria,FC Metz
Trejo,76,Argentina,Rayo Vallecano
Goldson,73,England,Rangers FC
Martinez Quarta,74,Argentina,River Plate
Chadli,77,Belgium,AS Monaco
Dubravka,79,Slovakia,Newcastle United
Horn,83,Germany,FC Koln
Mustafi,82,Germany,Arsenal
Krsticic,72,Serbia,AEK Athens
Leibold,73,Germany,FC Nurnberg
Denisov,80,Russia,Lokomotiv Moscow
Cillessen,82,Netherlands,FC Barcelona
Fahrmann,82,Germany,FC Schalke 04
Charbonnier,74,France,Stade Brestois 29
Honda,78,Japan,Melbourne Victory
Bendtner,72,Denmark,Rosenborg BK
Popov,76,Bulgaria,Bulgaria
Silbeira,72,Paraguay,Paraguay
Oczipka,76,Germany,FC Schalke 04
Romero,75,Argentina,Independiente
Stenzel,72,Germany,SC Freiburg
Lascelles,78,England,Newcastle United
Trotta,72,Italy,Frosinone
Zardes,73,United States,Columbus Crew SC
Racic,73,Serbia,CD Tenerife
Lemina,78,Gabon,Southampton
Bailey,81,Jamaica,Bayer 04 Leverkusen
Stetina,72,Slovakia,Sparta Praha
Sirigu,83,Italy,Torino
McCarty,73,United States,Chicago Fire
Veltman,76,Netherlands,Ajax
Fuenzalida,74,Chile,Universidad Catolica
Verbic,79,Slovenia,Dynamo Kyiv
Bongonda,75,Belgium,SV Zulte-Waregem
Andersen,72,Denmark,Aalborg BK
Bessa,73,Italy,Genoa
Ulmer,74,Austria,Austria
Araujo,75,Mexico,RC Celta
Doan,73,Japan,FC Groningen
Mbakogu,74,Nigeria,Padova
Maksimovic,78,Serbia,Napoli
Serdar,75,Germany,FC Schalke 04
Uduokhai,75,Germany,VfL Wolfsburg
Traore,73,Ivory Coast,Goztepe SK
Ayew,76,Ghana,Crystal Palace
Diaz,78,Argentina,Boca Juniors
Zusi,72,United States,Sporting Kansas City
Saint-Maximin,79,France,OGC Nice
Ikoko,72,DR Congo,En Avant de Guingamp
Moore,74,England,Reading
Corluka,82,Croatia,Lokomotiv Moscow
Acquah,73,Ghana,Empoli
Diallo,79,France,Borussia Dortmund
Tolisso,83,France,FC Bayern Munchen
Lapadula,74,Italy,Genoa
Pogba,88,France,Manchester United
Kone,74,Ivory Coast,Cote d'Ivoire
Brownhill,72,England,Bristol City
Duricic,74,Serbia,Sassuolo
Milinkovic-Savic,85,Serbia,Lazio
Blake,75,Jamaica,Philadelphia Union
Hinestroza,73,Colombia,Junior FC
Nasri,79,France,West Ham United
Skriniar,86,Slovakia,Inter
Royer,74,Austria,New York Red Bulls
Malcuit,76,France,Napoli
Tisserand,74,DR Congo,VfL Wolfsburg
Toornstra,75,Netherlands,Feyenoord
Lainer,77,Austria,Austria
Biraschi,73,Italy,Genoa
Lala,78,France,RC Strasbourg Alsace
Kljestan,73,United States,Orlando City SC
Bacca,80,Colombia,Villarreal CF
Mina,73,Ecuador,Yeni Malatyaspor
N'Dicka,75,France,Eintracht Frankfurt
De Sart,72,Belgium,Sint-Truidense VV
Diame,75,Senegal,Newcastle United
Benzia,75,Algeria,Fenerbahce SK
Aguero,89,Argentina,FC Barcelona
Bottinelli,72,Argentina,Union de Santa Fe
Ghoddos,75,Iran,Amiens SC
Cook,78,England,Bournemouth
McKennie,75,United States,FC Schalke 04
Torun,72,Turkey,Bursaspor
Donati,73,Italy,FSV Mainz 05
Knockaert,76,France,Brighton & Hove Albion
Bicakcic,77,Bosnia Herzegovina,TSG 1899 Hoffenheim
Skubic,73,Slovenia,Atiker Konyaspor
Guarin,75,Colombia,Shanghai Greenland Shenhua FC
Karaman,72,Turkey,Fortuna Dusseldorf
Labyad,75,Morocco,Ajax
Brugman,72,Uruguay,Pescara
Cervi,79,Argentina,SL Benfica
Hernandez,75,Colombia,Atletico Nacional
Roa,75,Colombia,Club Atletico Huracan
Dier,80,England,Tottenham Hotspur
Norgaard,72,Denmark,Fiorentina
Vargas,75,Argentina,Velez Sarsfield
Doherty,77,Republic of Ireland,Wolverhampton Wanderers
Demiral,73,Turkey,Sassuolo
Musa,75,Nigeria,Al Nassr
Pellegrini,79,Italy,Roma
Klaus,76,Germany,VfL Wolfsburg
Malinovskyi,78,Ukraine,KRC Genk
Benavente,74,Peru,Peru
Zozulya,72,Ukraine,Albacete BP
Plattenhardt,77,Germany,Hertha BSC
Randolph,73,Republic of Ireland,Middlesbrough
John,73,Netherlands,Vitoria Guimaraes
Hoogland,72,Germany,VfL Bochum 1848
Saric,74,Bosnia Herzegovina,Suwon Samsung Bluewings
Johnsen,72,Norway,AZ Alkmaar
Berge,77,Norway,KRC Genk
Santini,74,Croatia,RSC Anderlecht
Kovarik,73,Czech Republic,Viktoria Plzen
Boyko,76,Ukraine,Dynamo Kyiv
Tait,76,France,Angers SCO
Mbabu,77,Switzerland,Switzerland
Braithwaite,75,Denmark,CD Leganes
Tuanzebe,72,England,Aston Villa
Ankersen,73,Denmark,FC Kobenhavn
Ascacibar,77,Argentina,VfB Stuttgart
Murgia,72,Italy,SPAL
Kongolo,78,Netherlands,Huddersfield Town
Selikhov,78,Russia,Spartak Moscow
Hernandez,78,Chile,Chile
Schlager,76,Austria,Austria
Stoch,75,Slovakia,SK Slavia Praha
Rubio,72,Chile,CD Universidad de Concepcion
Suarez,77,Uruguay,Getafe CF
Ntcham,73,France,Celtic
Coady,74,England,Wolverhampton Wanderers
Sanchez,75,Argentina,Monterrey
Doumbia,76,Ivory Coast,Girona FC
Baal,73,France,Stade Rennais FC
Midtsjo,74,Norway,AZ Alkmaar
Bahebeck,72,France,FC Utrecht
Bertolacci,77,Italy,Milan
Khacheridi,74,Ukraine,PAOK
Chakvetadze,74,Georgia,KAA Gent
Cathcart,76,Northern Ireland,Watford
Oukidja,72,Algeria,FC Metz
Boye,73,Argentina,AEK Athens
Gutierrez,77,Colombia,Junior FC
McCarthy,77,Republic of Ireland,Everton
Deaux,75,France,En Avant de Guingamp
Khaoui,72,Tunisia,Stade Malherbe Caen
Kamada,73,Japan,Sint-Truidense VV
Williams,73,Republic of Ireland,Millwall
Alustiza,74,Argentina,Puebla FC
Shaw,80,England,Manchester United
Beric,74,Slovenia,AS Saint-etienne
Abarhoun,72,Morocco,caykur Rizespor
Rosier,74,France,Dijon FCO
Lindner,74,Austria,Austria
Gray,76,England,Watford
Neustadter,73,Russia,Fenerbahce SK
Bustamante,73,Argentina,Curico Unido
Marchesin,77,Argentina,Argentina
Hoolahan,72,Republic of Ireland,West Bromwich Albion
Neymar Jr,92,Brazil,Paris Saint-Germain
Di Lorenzo,73,Italy,Empoli
Vossen,73,Belgium,Club Brugge KV
Digne,81,France,Everton
Montes,73,Mexico,Monterrey
Miranchuk,77,Russia,Lokomotiv Moscow
Kahveci,75,Turkey,Medipol Basaksehir FK
Trybull,72,Germany,Norwich City
Forlin,72,Argentina,Real Oviedo
Advincula,74,Peru,Rayo Vallecano
Benitez,76,Argentina,Independiente
Farinez,73,Venezuela,Venezuela
Hernandez,75,Uruguay,PFC CSKA Moscow
Coopman,71,Belgium,KV Oostende
Gerhardt,76,Germany,VfL Wolfsburg
Halilovic,76,Croatia,Standard de Liege
Pizarro,76,Mexico,Monterrey
Ginter,81,Germany,Borussia Monchengladbach
Carrasco,72,Chile,Tiburones Rojos de Veracruz
Fosu-Mensah,73,Netherlands,Fulham
Christiansen,73,Denmark,Malmo FF
Misic,73,Croatia,PAOK
Vargas,76,Chile,Tigres U.A.N.L.
Calleri,77,Argentina,Deportivo Alaves
Diaz,73,Colombia,Junior FC
Civelli,77,Argentina,Club Atletico Banfield
Ajeti,74,Switzerland,Switzerland
Sanchez,84,Chile,Manchester United
Brooks,75,Wales,Bournemouth
Guzman,77,Argentina,Tigres U.A.N.L.
Hutchinson,76,Canada,Besiktas JK
McCormack,72,Scotland,Motherwell
Alderweireld,87,Belgium,Tottenham Hotspur
Gaitan,82,Argentina,Dalian YiFang FC
Elez,73,Croatia,Hannover 96
Lozano,73,Uruguay,Santos Laguna
Vavro,72,Slovakia,FC Kobenhavn
Leistner,73,Germany,Queens Park Rangers
Bengtsson,73,Sweden,Malmo FF
Lavezzi,79,Argentina,Hebei China Fortune FC
Torres,75,Colombia,Albacete BP
Keita,83,Guinea,Liverpool
Narsingh,73,Netherlands,Swansea City
Riveros,76,Paraguay,Paraguay
Hutchinson,72,England,Millwall
Cigarini,75,Italy,Cagliari
Candreva,80,Italy,Inter
Vardy,82,England,Leicester City
Karavaev,73,Russia,Vitesse
Rodriguez,75,Uruguay,Uruguay
De Sciglio,78,Italy,Juventus
Maietta,72,Italy,Empoli
Grabban,74,England,Nottingham Forest
Thommy,74,Germany,VfB Stuttgart
Gordillo,73,Colombia,Deportes Tolima
Powell,72,England,Wigan Athletic
Gytkjer,72,Denmark,Lech Poznan
Poulsen,73,Denmark,FC Midtjylland
Giebelmann,73,Germany,Fortuna Dusseldorf
Mane,86,Senegal,Liverpool
De Vrij,84,Netherlands,Inter
Rensing,74,Germany,Fortuna Dusseldorf
Morelo,74,Colombia,Club Atletico Colon
Sobiech,74,Germany,FC Koln
Lucioni,73,Italy,Lecce
Vanaken,79,Belgium,Club Brugge KV
Alessandrini,78,France,LA Galaxy
Miazga,73,United States,Reading
Sanson,80,France,Olympique de Marseille
Demirbay,82,Germany,TSG 1899 Hoffenheim
Letschert,73,Netherlands,FC Utrecht
Terzi,72,Italy,Spezia
Mensah,74,Ghana,Kayserispor
Mendoza,72,Colombia,Amiens SC
Pritchard,74,England,Huddersfield Town
De Jong,82,Netherlands,Ajax
Stanciu,75,Romania,Romania
Adomah,72,Ghana,Aston Villa
Otamendi,84,Argentina,Manchester City
Domingo,76,Argentina,Independiente
Tutino,72,Italy,Cosenza
Lees-Melou,78,France,OGC Nice
Thomasson,76,France,RC Strasbourg Alsace
Cech,82,Czech Republic,Arsenal
Eysseric,76,France,FC Nantes
Pedersen,73,Denmark,Birmingham City
Caicedo,77,Ecuador,Lazio
Meriah,72,Tunisia,Olympiacos CFP
Barrios,73,Paraguay,Club Atletico Huracan
Rodriguez,75,Argentina,Newell's Old Boys
Ntep,75,Cameroon,VfL Wolfsburg
Caputo,76,Italy,Empoli
Tobio,73,Argentina,Deportivo Toluca
Pellissier,72,Italy,Chievo Verona
Wolf,72,Germany,Fortuna Dusseldorf
Pavone,71,Argentina,Estudiantes de La Plata
Holtby,75,Germany,Hamburger SV
Korb,74,Germany,Hannover 96
Czichos,74,Germany,FC Koln
Toure,74,Mali,Eintracht Frankfurt
Kessler,71,Germany,FC Koln
Fernandez,73,Argentina,Club Necaxa
Alvarado,72,Mexico,Mexico
Rolan,75,Uruguay,Deportivo Alaves
Fekir,84,France,Olympique Lyonnais
Ginczek,78,Germany,VfL Wolfsburg
Hrgota,72,Sweden,Eintracht Frankfurt
Perbet,71,France,Sporting de Charleroi
Arnold,78,Germany,VfL Wolfsburg
Peterson,71,Sweden,Heracles Almelo
Azeez,72,Nigeria,Granada CF
Guidetti,77,Sweden,Deportivo Alaves
Zaldivia,74,Argentina,Colo-Colo
Klostermann,77,Germany,RB Leipzig
Casco,76,Argentina,River Plate
Castillo,74,Colombia,Club Tijuana
Espinoza,72,Honduras,Sporting Kansas City
Hojbjerg,77,Denmark,Southampton
Sigali,76,Argentina,Racing Club
Pack,72,England,Bristol City
Kiyotake,72,Japan,Cerezo Osaka
Gonul,76,Turkey,Besiktas JK
Ansarifard,74,Iran,Nottingham Forest
Verre,73,Italy,Perugia
Dmitrovic,79,Serbia,SD Eibar
Cigerci,73,Turkey,Fenerbahce SK
Zagadou,76,France,Borussia Dortmund
Ruiz,74,Argentina,Club Atletico Aldosivi
Da Costa,78,Germany,Eintracht Frankfurt
Bellarabi,82,Germany,Bayer 04 Leverkusen
Mittelstadt,72,Germany,Hertha BSC
Tufan,73,Turkey,Alanyaspor
Clichy,77,France,Medipol Basaksehir FK
Memisevic,71,Bosnia Herzegovina,FC Groningen
Foyth,73,Argentina,Tottenham Hotspur
Traore,78,Burkina Faso,Olympique Lyonnais
Al Shahrani,72,Saudi Arabia,Al Hilal
Modeste,80,France,FC Koln
Kravets,72,Ukraine,Kayserispor
Stindl,81,Germany,Borussia Monchengladbach
Frantz,73,Germany,SC Freiburg
Szczesny,86,Poland,Juventus
Murillo,80,Colombia,FC Barcelona
Mbodji,77,Senegal,RSC Anderlecht
Leye,72,Senegal,Royal Excel Mouscron
Cabella,78,France,AS Saint-etienne
Ngadeu-Ngadjui,74,Cameroon,SK Slavia Praha
Matip,80,Cameroon,Liverpool
Pekarik,75,Slovakia,Hertha BSC
Koziello,76,France,FC Koln
Borges,76,Costa Rica,Goztepe SK
Erkin,76,Turkey,Besiktas JK
Barroso,73,Argentina,Colo-Colo
Hoilett,74,Canada,Cardiff City
Laporte,85,France,Manchester City
Dessoleil,73,Belgium,Sporting de Charleroi
Falletti,72,Uruguay,Palermo
Tonelli,77,Italy,Sampdoria
Abate,77,Italy,Milan
Corona,81,Mexico,Mexico
Kouyate,76,Senegal,Crystal Palace
Murillo,75,Colombia,Colombia
Al Muwallad,72,Saudi Arabia,Al Ittihad
Doumbia,72,Mali,Stade de Reims
Morales,72,Argentina,Club Atletico Tigre
Westwood,76,England,Burnley
Kryvtsov,75,Ukraine,Shakhtar Donetsk
Kadzior,72,Poland,Dinamo Zagreb
Pavlenka,82,Czech Republic,SV Werder Bremen
Konoplyanka,78,Ukraine,FC Schalke 04
Montero,75,Ecuador,West Bromwich Albion
Vermeer,75,Netherlands,Feyenoord
Milik,82,Poland,Napoli
Navas,87,Costa Rica,Real Madrid
Soudani,75,Algeria,Nottingham Forest
Caruzzo,75,Argentina,Rosario Central
Taniguchi,73,Japan,Kawasaki Frontale
Behrens,75,Germany,FC Nurnberg
Dejaegere,73,Belgium,KAA Gent
Kanga,75,Gabon,Sparta Praha
Bounou,79,Morocco,Girona FC
Bouanga,74,Gabon,Nimes Olympique
Osorio,75,Venezuela,Venezuela
Menendez,72,Argentina,Tiburones Rojos de Veracruz
Palacios,76,Argentina,River Plate
El Yamiq,71,Morocco,Perugia
Ostrzolek,74,Germany,Hannover 96
Benkovic,76,Croatia,Celtic
Pearson,75,England,Preston North End
Hughes,77,England,Watford
Griezmann,89,France,Atletico Madrid
Reynoso,73,Argentina,Boca Juniors
Torres Nilo,72,Mexico,Tigres U.A.N.L.
Mercado,79,Argentina,Sevilla FC
Duda,76,Slovakia,Hertha BSC
Gutierrez,77,Mexico,PSV
Amadou,75,France,Sevilla FC
Donald,72,Netherlands,Yeni Malatyaspor
Lukic,73,Serbia,Torino
Zurutuza,76,France,Real Sociedad
Boateng,81,Ghana,FC Barcelona
Butland,80,England,Stoke City
Paintsil,71,Ghana,KRC Genk
Herrmann,77,Germany,Borussia Monchengladbach
Kembo-Ekoko,74,DR Congo,Bursaspor
Borja,72,Colombia,Colombia
Marega,81,Mali,FC Porto
Rekik,79,Netherlands,Hertha BSC
Ince,73,England,Stoke City
Rincon,77,Venezuela,Torino
Yago,72,Burkina Faso,Le Havre AC
Yilmaz,79,Turkey,Besiktas JK
Fejsa,81,Serbia,SL Benfica
Acuna,80,Argentina,Argentina
Knasmullner,72,Austria,SK Rapid Wien
Willems,76,Netherlands,Eintracht Frankfurt
Hernandez,75,Mexico,Pachuca
Verhaegh,74,Netherlands,VfL Wolfsburg
Rashford,83,England,Manchester United
Landre,72,France,Nimes Olympique
Fragapane,71,Argentina,Union de Santa Fe
Missiroli,75,Italy,SPAL
Pinsoglio,72,Italy,Juventus
Zouma,79,France,Everton
Ruidiaz,76,Peru,Seattle Sounders FC
Radu,80,Romania,Lazio
Barella,78,Italy,Cagliari
Holgate,76,England,West Bromwich Albion
Pohjanpalo,72,Finland,Bayer 04 Leverkusen
Maidana,77,Argentina,Deportivo Toluca
Barak,77,Czech Republic,Udinese
Boly,78,France,Wolverhampton Wanderers
Lichtsteiner,77,Switzerland,Arsenal
Caldara,80,Italy,Milan
Scholz,72,Denmark,FC Midtjylland
Pandev,74,FYR Macedonia,Genoa
Lucumi,72,Colombia,KRC Genk
Kruse,72,Australia,VfL Bochum 1848
Canouse,72,United States,DC United
Crisetig,74,Italy,Benevento
Ospina,79,Colombia,Napoli
Gudino,72,Mexico,Guadalajara
Livakovic,74,Croatia,Dinamo Zagreb
Grillitsch,77,Austria,TSG 1899 Hoffenheim
Cauteruccio,72,Uruguay,Cruz Azul
Damonte,72,Argentina,Club Atletico Huracan
Kucka,77,Slovakia,Parma
Ilicic,81,Slovenia,Atalanta
Andelkovic,74,Slovenia,Padova
Esiti,72,Nigeria,KAA Gent
Jack,74,Scotland,Rangers FC
Luyindama,75,DR Congo,Galatasaray SK
Kounde,75,France,FC Girondins de Bordeaux
Baumgartl,76,Germany,VfB Stuttgart
Hansen,73,Denmark,FC Midtjylland
Langkamp,76,Germany,SV Werder Bremen
Cartabia,77,Argentina,Deportivo de La Coruna
Witsel,85,Belgium,Borussia Dortmund
Yoshida,75,Japan,Southampton
Trossard,78,Belgium,KRC Genk
Boufal,77,Morocco,RC Celta
Saivet,73,Senegal,Bursaspor
Nardi,73,France,KSV Cercle Brugge
Fransson,72,Sweden,IFK Norrkoping
Ajer,73,Norway,Celtic
Blanco,74,Argentina,Malaga CF
Caraglio,74,Argentina,Cruz Azul
Piszczek,81,Poland,Borussia Dortmund
McGregor,75,Scotland,Celtic
Perez,75,Colombia,Independiente Santa Fe
Ciciretti,74,Italy,Ascoli
Eggestein,79,Germany,SV Werder Bremen
Prijovic,77,Serbia,Al Ittihad
Lukaku,77,Belgium,Lazio
Mantalos,76,Greece,AEK Athens
Rodriguez,73,Mexico,Mexico
Laurini,74,France,Fiorentina
Jones,75,Australia,Al Nassr
Vormer,78,Netherlands,Club Brugge KV
Fredericks,73,England,West Ham United
Dann,75,England,Crystal Palace
Ariaudo,72,Italy,Frosinone
Reyes,72,Chile,Chile
Berggreen,72,Denmark,FSV Mainz 05
Strinic,74,Croatia,Milan
Tsygankov,79,Ukraine,Dynamo Kyiv
Buchtmann,73,Germany,FC St. Pauli
Fernandez,76,Argentina,Newcastle United
Diop,77,France,West Ham United
Fritzler,75,Argentina,Club Atletico Colon
Brahimi,85,Algeria,FC Porto
Monconduit,76,France,Amiens SC
Traore,75,Ivory Coast,Cote d'Ivoire
Machis,75,Venezuela,Cadiz CF
Maxim,73,Romania,FSV Mainz 05
Davies,80,Wales,Tottenham Hotspur
Winks,79,England,Tottenham Hotspur
Phillips,76,Scotland,West Bromwich Albion
Melia,74,United States,Sporting Kansas City
Osako,76,Japan,SV Werder Bremen
Pineda,74,Mexico,Cruz Azul
Mosquera,72,Colombia,FC Dallas
Ortega,72,Germany,DSC Arminia Bielefeld
Galovic,72,Croatia,Sagan Tosu
Marshall,72,United States,Seattle Sounders FC
Radovanovic,77,Serbia,Genoa
Gaibor,72,Ecuador,Independiente
Friedrich,71,Germany,FC Union Berlin
Ayala,75,Mexico,Tigres U.A.N.L.
Klich,73,Poland,Leeds United
Bronn,75,Tunisia,KAA Gent
Blind,80,Netherlands,Ajax
Benassi,77,Italy,Fiorentina
Aguirre,71,Mexico,Pachuca
Dimata,75,Belgium,RSC Anderlecht
Minamino,73,Japan,FC Red Bull Salzburg
Nyom,74,Cameroon,CD Leganes
Okazaki,75,Japan,Leicester City
Bartels,76,Germany,SV Werder Bremen
March,74,England,Brighton & Hove Albion
Sako,71,Mali,Crystal Palace
Pulgar,77,Chile,Bologna
Mina,78,Colombia,Everton
Politano,82,Italy,Inter
Konate,75,Senegal,Amiens SC
Hunou,73,France,Stade Rennais FC
Peralta,75,Mexico,Club America
Herrera,73,Chile,Chile
Fassnacht,72,Switzerland,Switzerland
Ghezzal,75,Algeria,Leicester City
Slimani,76,Algeria,Fenerbahce SK
Belec,72,Slovenia,Sampdoria
Romagnoli,83,Italy,Milan
Rigoni,75,Italy,Parma
Hansen,75,Denmark,FC Midtjylland
McAuley,72,Northern Ireland,Rangers FC
Bande,72,Burkina Faso,Ajax
Hamdallah,75,Morocco,Al Nassr
Elm,73,Sweden,Kalmar FF
Owusu,72,Ghana,Royal Antwerp FC
Fagundez,73,Uruguay,New England Revolution
Elvedi,78,Switzerland,Borussia Monchengladbach
Manriquez,73,Chile,CD Universidad de Concepcion
Kubo,73,Japan,FC Nurnberg
Murray,77,England,Brighton & Hove Albion
Andujar,74,Argentina,Estudiantes de La Plata
Moses,78,Nigeria,Fenerbahce SK
Muller,71,Germany,FC Heidenheim 1846
Gyan,74,Ghana,Kayserispor
Soto,72,Colombia,Once Caldas
Ayling,72,England,Leeds United
Opazo,73,Chile,Chile
Wormgoor,73,Netherlands,SK Brann
Berisha,76,Kosovo,Lazio
Coric,74,Croatia,Roma
Walcott,79,England,Everton
Room,74,Curacao,PSV
Ucan,72,Turkey,Empoli
Karnezis,78,Greece,Napoli
Baumgartlinger,78,Austria,Bayer 04 Leverkusen
Garritano,72,Italy,Cosenza
Mbokani,75,DR Congo,Royal Antwerp FC
Adenon,73,Benin,Amiens SC
Can,80,Germany,Juventus
Bamba,73,Ivory Coast,Angers SCO
Embolo,76,Switzerland,FC Schalke 04
Ajorque,72,France,RC Strasbourg Alsace
Cimirot,73,Bosnia Herzegovina,Standard de Liege
Thioub,73,France,Nimes Olympique
Veigneau,73,France,Kasimpasa SK
Botta,74,Argentina,San Lorenzo de Almagro
Denayer,78,Belgium,Olympique Lyonnais
Toselli,75,Chile,Universidad Catolica
Barreiro,72,Colombia,Pachuca
Wakaso,75,Ghana,Vitoria Guimaraes
Werner,84,Germany,RB Leipzig
Perez,74,Colombia,Junior FC
Soyuncu,74,Turkey,Leicester City
Van Rhijn,72,Netherlands,AZ Alkmaar
Gallese,72,Peru,Peru
Rebrov,74,Russia,Spartak Moscow
Hummels,88,Germany,FC Bayern Munchen
Fai,72,Cameroon,Standard de Liege
Hector,79,Germany,FC Koln
Ibe,74,England,Bournemouth
Angella,72,Italy,Sporting de Charleroi
Sabitzer,81,Austria,RB Leipzig
Gomez Andrade,74,Colombia,Union de Santa Fe
Kimmich,86,Germany,FC Bayern Munchen
Bruma,75,Netherlands,FC Schalke 04
Elyounoussi,73,Norway,AIK
Akanji,81,Switzerland,Borussia Dortmund
Kolarov,83,Serbia,Roma
Zielinski,82,Poland,Napoli
Di Carmine,72,Italy,Hellas Verona
Grant,74,England,Manchester United
Baines,76,England,Everton
Ramsey,82,Wales,Arsenal
Halliche,73,Algeria,Moreirense FC
Aued,72,Argentina,Universidad Catolica
Courtois,89,Belgium,Real Madrid
Janssen,74,Netherlands,FC Utrecht
Noir,72,Argentina,Atletico Tucuman
Krul,73,Netherlands,Norwich City
Sigurthsson,82,Iceland,Everton
Bernardeschi,82,Italy,Juventus
Danze,72,France,Stade Rennais FC
Valencia,79,Ecuador,Manchester United
Hedges,74,United States,FC Dallas
Mendez,72,Uruguay,Uruguay
Muller,77,Germany,Hannover 96
Hofmann,79,Germany,Borussia Monchengladbach
Vukcevic,76,Montenegro,Levante UD
Budescu,75,Romania,Al Shabab
Traore,73,Burkina Faso,Atiker Konyaspor
Tete,77,Netherlands,Olympique Lyonnais
Under,78,Turkey,Roma
Ounas,75,Algeria,Napoli
Castellani,72,Argentina,San Lorenzo de Almagro
Long,73,Republic of Ireland,Southampton
Geis,74,Germany,FC Koln
Di Francesco,76,Italy,Sassuolo
Engels,75,Belgium,Stade de Reims
Shehu,72,Nigeria,Bursaspor
Tarasov,75,Russia,Lokomotiv Moscow
Isimat-Mirin,73,France,Besiktas JK
Pucciarelli,73,Italy,Chievo Verona
Lens,78,Netherlands,Besiktas JK
Barkas,74,Greece,AEK Athens
Sanchez,73,Argentina,Estudiantes de La Plata
Kadah,73,Turkey,Goztepe SK
Aina,74,Nigeria,Torino
Florenzi,82,Italy,Roma
Hateboer,75,Netherlands,Atalanta
Cisse,75,Senegal,Alanyaspor
Gikiewicz,74,Poland,FC Union Berlin
Bustos,76,Argentina,Independiente
Kreilach,74,Croatia,Real Salt Lake
Ecuele Manga,74,Gabon,Cardiff City
Morishige,71,Japan,FC Tokyo
Sigurthsson,73,Iceland,Iceland
Lamela,81,Argentina,Tottenham Hotspur
Wolf,77,Germany,Borussia Dortmund
Mohwald,73,Germany,SV Werder Bremen
Linssen,72,Netherlands,Vitesse
Dendoncker,79,Belgium,Wolverhampton Wanderers
Ljajic,79,Serbia,Besiktas JK
Grealish,76,England,Aston Villa
Badstuber,76,Germany,VfB Stuttgart
Banguero,72,Colombia,Deportes Tolima
Billing,74,Denmark,Huddersfield Town
Lerma,79,Colombia,Bournemouth
Van der Heijden,74,Netherlands,Feyenoord
Ortigoza,71,Paraguay,Rosario Central
Bernardi,72,Argentina,Club Atletico Colon
Pallois,78,France,FC Nantes
Rodriguez,74,Mexico,Lobos BUAP
Didavi,80,Germany,VfB Stuttgart
Bertoli,73,Argentina,Patronato
Foderingham,72,England,Rangers FC
Suchy,77,Czech Republic,FC Basel 1893
Salcedo,76,Mexico,Tigres U.A.N.L.
Zoller,72,Germany,VfL Bochum 1848
Krafth,73,Sweden,Amiens SC
Bardhi,77,FYR Macedonia,Levante UD
Lopez,76,Argentina,Boca Juniors
Oxlade-Chamberlain,80,England,Liverpool
Fleck,73,Scotland,Sheffield United
Antonio,78,England,West Ham United
Mazzitelli,73,Italy,Genoa
Solari,75,Argentina,Racing Club
Harit,78,Morocco,FC Schalke 04
Foket,75,Belgium,Stade de Reims
Calhanoglu,80,Turkey,Milan
Billiat,75,Zimbabwe,Kaizer Chiefs
Wood,73,United States,Hannover 96
Watkins,74,England,Brentford
Ramirez,74,Colombia,Atletico Nacional
Van Wolfswinkel,74,Netherlands,FC Basel 1893
Smalling,80,England,Manchester United
Flint,75,England,Middlesbrough
Vrsaljko,81,Croatia,Inter
Angel,72,Venezuela,Venezuela
Lookman,75,England,Everton
Haberer,75,Germany,SC Freiburg
Vaclik,80,Czech Republic,Sevilla FC
Denswil,76,Netherlands,Club Brugge KV
Fer,73,Netherlands,Swansea City
Morioka,72,Japan,Sporting de Charleroi
Marrugo,73,Colombia,Millonarios FC
Agu,75,Nigeria,Vitoria de Setubal
Sorensen,73,Denmark,FC Koln
Bereszynski,74,Poland,Sampdoria
Dybala,89,Argentina,Juventus
Koulibaly,88,Senegal,Napoli
Kozacik,74,Slovakia,Viktoria Plzen
Fischer,77,Denmark,FC Kobenhavn
Kaderabek,80,Czech Republic,TSG 1899 Hoffenheim
Riano,72,Argentina,Rosario Central
Travnik,72,Czech Republic,Czech Republic
Retsos,75,Greece,Bayer 04 Leverkusen
Chalobah,76,England,Watford
Calabria,78,Italy,Milan
Marchetti,75,Italy,Genoa
Gulacsi,82,Hungary,RB Leipzig
Perez,73,Argentina,Independiente Santa Fe
Hanin,75,France,Vitoria Guimaraes
Sorrentino,80,Italy,Chievo Verona
Higashiguchi,72,Japan,Gamba Osaka
Fernandez,76,Argentina,Racing Club
Vorm,76,Netherlands,Tottenham Hotspur
Buendia,73,Argentina,Norwich City
Nordfeldt,72,Sweden,Swansea City
Corchia,74,France,SL Benfica
Badu,75,Ghana,Udinese
Amiri,78,Germany,TSG 1899 Hoffenheim
Menossi,72,Argentina,Club Atletico Tigre
Baysse,75,France,Stade Malherbe Caen
Brooks,79,United States,VfL Wolfsburg
Freuler,77,Switzerland,Atalanta
Kovacs,73,Hungary,Hungary
Gianniotis,74,Greece,Olympiacos CFP
Le Goff,73,France,FC Lorient
Loum,73,Senegal,FC Porto
Tau,75,South Africa,South Africa
Tekdemir,73,Turkey,Medipol Basaksehir FK
Dominguez,72,Argentina,Velez Sarsfield
Smith,73,England,Huddersfield Town
Floccari,74,Italy,SPAL
Feghouli,79,Algeria,Galatasaray SK
Hennings,73,Germany,Fortuna Dusseldorf
Ilicevic,74,Croatia,FC Nurnberg
Masiello,79,Italy,Atalanta
Cardinale,74,France,OGC Nice
Mantovani,72,Argentina,UD Las Palmas
Kolar,72,Czech Republic,Viktoria Plzen
Philipp,78,Germany,Borussia Dortmund
Doukoure,73,Ivory Coast,Levante UD
Bensebaini,75,Algeria,Stade Rennais FC
Sakai,74,Japan,Hamburger SV
Burki,84,Switzerland,Borussia Dortmund
Bartley,72,England,West Bromwich Albion
Khedira,75,Germany,FC Augsburg
Bobadilla,72,Paraguay,Argentinos Juniors
El Ghazi,74,Netherlands,Aston Villa
Barboza,73,Argentina,Defensa y Justicia
Nakamba,77,Zimbabwe,Club Brugge KV
Bonaventura,82,Italy,Milan
Toprak,80,Turkey,Borussia Dortmund
Hruska,73,Czech Republic,Viktoria Plzen
Ceppelini,72,Uruguay,Atletico Nacional
Vestergaard,79,Denmark,Southampton
Arboleda,73,Colombia,Colombia
Diatta,72,Senegal,Club Brugge KV
Castagne,72,Belgium,Atalanta
Rius,75,Argentina,Defensa y Justicia
Cornet,75,Ivory Coast,Olympique Lyonnais
Battaglia,78,Argentina,Argentina
Carroll,76,England,West Ham United
Tschauner,75,Germany,FC Ingolstadt 04
Dawson,76,England,West Bromwich Albion
Kroos,90,Germany,Real Madrid
Schunke,72,Argentina,Estudiantes de La Plata
Lunev,79,Russia,Russia
Aranguiz,81,Chile,Bayer 04 Leverkusen
Ramirez,73,Argentina,Club Atletico Talleres
Banguera,73,Colombia,Independiente Santa Fe
Mikel,75,Nigeria,Middlesbrough
Soldano,74,Argentina,Olympiacos CFP
Sambueza,72,Argentina,Junior FC
Almiron,81,Paraguay,Newcastle United
Audero,75,Italy,Sampdoria
Sainsbury,74,Australia,PSV
Hayden,72,England,Newcastle United
Vanheusden,72,Belgium,Standard de Liege
Darida,77,Czech Republic,Hertha BSC
Diks,72,Netherlands,Empoli
Gondorf,75,Germany,SC Freiburg
Plea,81,France,Borussia Monchengladbach
Gustafson,72,Sweden,FC Utrecht
Sepe,75,Italy,Parma
Oblak,90,Slovenia,Atletico Madrid
Siovas,72,Greece,CD Leganes
Aleman,74,Uruguay,Ettifaq FC
Jensen,73,Denmark,FC Utrecht
Peruzzi,73,Argentina,San Lorenzo de Almagro
Younes,75,Germany,Napoli
Alonso,76,Cuba,Minnesota United FC
Zambrano,75,Peru,FC Basel 1893
Goldaniga,73,Italy,Frosinone
Gebre Selassie,76,Czech Republic,SV Werder Bremen
Kjer,81,Denmark,Sevilla FC
Gonzalez,75,Argentina,Club Tijuana
Bissouma,73,Mali,Brighton & Hove Albion
Kondogbia,81,Central African Rep.,Valencia CF
Poulain,75,France,Club Brugge KV
Muslera,81,Uruguay,Galatasaray SK
Seleznyov,73,Ukraine,Malaga CF
Kostic,78,Serbia,Eintracht Frankfurt
Sio,77,Ivory Coast,Cote d'Ivoire
Chilwell,78,England,Leicester City
Coates,82,Uruguay,Uruguay
Etebo,72,Nigeria,Stoke City
McGinn,74,Scotland,Aston Villa
Savanier,75,France,Nimes Olympique
Avenatti,72,Uruguay,KV Kortrijk
Alexander-Arnold,79,England,Liverpool
Mbenza,72,Belgium,Huddersfield Town
Dirar,75,Morocco,Fenerbahce SK
Stanislas,75,England,Bournemouth
Rakitic,87,Croatia,FC Barcelona
Rami,80,France,Olympique de Marseille
Snodgrass,76,Scotland,West Ham United
Hamad,72,Sweden,Incheon United FC
Tah,82,Germany,Bayer 04 Leverkusen
Fernandez,75,Argentina,River Plate
Assombalonga,72,DR Congo,Middlesbrough
Kalas,72,Czech Republic,Bristol City
Nikolic,75,Hungary,Chicago Fire
Moukandjo,77,Cameroon,Jiangsu Suning FC
Aoyama,72,Japan,Sanfrecce Hiroshima
Guinazu,76,Argentina,Club Atletico Talleres
Schmid,73,France,FC Augsburg
Dossevi,77,Togo,Toulouse Football Club
Latza,77,Germany,FSV Mainz 05
Armstrong,75,Scotland,Southampton
Kante,89,France,Chelsea
Sanabria,78,Paraguay,Genoa
Fazio,82,Argentina,Roma
Hogg,76,England,Huddersfield Town
Umar,75,Nigeria,caykur Rizespor
Ranocchia,76,Italy,Inter
Canteros,74,Argentina,MKE Ankaragucu
Simic,73,Czech Republic,Frosinone
Lopez,80,Argentina,Racing Club
Vidal,85,Chile,FC Barcelona
Gudelj,77,Serbia,Sporting CP
Kaminski,73,Belgium,KAA Gent
Dzsudzsak,76,Hungary,Hungary
Strobl,77,Germany,Borussia Monchengladbach
Bassogog,74,Cameroon,Cameroon
Cornelius,74,Denmark,FC Girondins de Bordeaux
Bolanos,73,Ecuador,Ecuador
Bachirou,75,Comoros,Malmo FF
Costil,79,France,FC Girondins de Bordeaux
Nainggolan,85,Belgium,Inter
Lienard,74,France,RC Strasbourg Alsace
Taylor,75,England,Burnley
Diakhaby,76,France,Valencia CF
Torje,73,Romania,Sivasspor
Kebano,72,DR Congo,Fulham
Correa,72,Argentina,Santos Laguna
Rupp,76,Germany,TSG 1899 Hoffenheim
Donk,75,Netherlands,Galatasaray SK
Grenier,77,France,Stade Rennais FC
Chavalerin,73,France,Stade de Reims
Atsu,74,Ghana,Newcastle United
Ilsanker,75,Austria,RB Leipzig
Villafanez,74,Argentina,Alanyaspor
Haidara,76,Mali,RB Leipzig
Lasne,75,France,Montpellier HSC
Tierney,76,Scotland,Celtic
Finlay,71,United States,Minnesota United FC
Yazici,76,Turkey,Trabzonspor
Gonalons,75,France,Sevilla FC
Van Overeem,72,Netherlands,FC Utrecht
Tachtsidis,73,Greece,Lecce
Buffon,88,Italy,Paris Saint-Germain
Matri,72,Italy,Sassuolo
Bell,76,Germany,FSV Mainz 05
Jimenez,78,Mexico,Wolverhampton Wanderers
Bowen,74,England,Hull City
Gutierrez,72,Argentina,Defensa y Justicia
Roofe,74,England,Leeds United
Donatti,77,Argentina,Racing Club
Gotze,81,Germany,Borussia Dortmund
Cavallini,74,Canada,Canada
Ward,74,Republic of Ireland,Burnley
De Rossi,83,Italy,Roma
Kusk,72,Denmark,Aalborg BK
Feddal,79,Morocco,Real Betis
Perica,72,Croatia,Kasimpasa SK
Pongracic,72,Croatia,FC Red Bull Salzburg
Wuytens,72,Belgium,AZ Alkmaar
Bender,81,Germany,Bayer 04 Leverkusen
Zieler,79,Germany,VfB Stuttgart
Sobhi,74,Egypt,Egypt
Wilshere,79,England,West Ham United
Dzyuba,78,Russia,Russia
Tosic,74,Serbia,Guangzhou R&F FC
Mboyo,72,Belgium,Al Raed
Nandez,76,Uruguay,Uruguay
Rigamonti,73,Argentina,Belgrano de Cordoba
Henderson,73,England,Sheffield United
Akolo,72,DR Congo,VfB Stuttgart
Kopic,74,Czech Republic,Viktoria Plzen
Hadergjonaj,74,Switzerland,Huddersfield Town
Chahechouhe,74,Morocco,caykur Rizespor
Schennikov,75,Russia,PFC CSKA Moscow
Cavani,89,Uruguay,Paris Saint-Germain
Fabianski,81,Poland,West Ham United
Pardo,73,Colombia,Deportivo Toluca
Lezcano,73,Argentina,Monarcas Morelia
Aogo,75,Germany,VfB Stuttgart
Selke,77,Germany,Hertha BSC
Gnagnon,76,France,Sevilla FC
Cole,71,England,Derby County
Woods,72,England,Stoke City
Acosta,72,Honduras,FC Dallas
Mandragora,75,Italy,Udinese
Ansaldi,77,Argentina,Torino
Risse,75,Germany,FC Koln
Amian,75,France,Toulouse Football Club
Proto,76,Belgium,Lazio
Jallet,75,France,OGC Nice
Meyer,78,Germany,Crystal Palace
Kurtic,75,Slovenia,SPAL
Biabiany,74,France,Parma
Knoche,76,Germany,VfL Wolfsburg
Besler,74,United States,Sporting Kansas City
Kourmpelis,74,Greece,Panathinaikos FC
Clasie,76,Netherlands,Feyenoord
Gundogan,84,Germany,Manchester City
Barcos,72,Argentina,Atletico Nacional
Al Jassam,72,Saudi Arabia,Al Ahli
Gonzalez Pirez,75,Argentina,Atlanta United
Bizot,75,Netherlands,AZ Alkmaar
Modric,91,Croatia,Real Madrid
Gentner,76,Germany,VfB Stuttgart
Silvestre,75,Italy,Empoli
Rosenberg,72,Sweden,Malmo FF
Galvan,72,Argentina,Argentinos Juniors
Insua,76,Argentina,VfB Stuttgart
Hernandez,83,France,Atletico Madrid
Moreira,72,Paraguay,Portland Timbers
Zulj,72,Austria,FC Union Berlin
Sarr,77,Senegal,Stade Rennais FC
Pogba,74,Guinea,Atlanta United
Briseno,72,Mexico,CD Feirense
Strebinger,74,Austria,Austria
Spinazzola,77,Italy,Juventus
Shinnie,74,Scotland,Aberdeen
Coloccini,72,Argentina,San Lorenzo de Almagro
Cohade,74,France,FC Metz
Russell,72,Scotland,Sporting Kansas City
Toivonen,76,Sweden,Melbourne Victory
Namli,72,Denmark,PEC Zwolle
Pelkas,76,Greece,PAOK
Nieto,72,Colombia,Once Caldas
Avila,72,Argentina,SD Huesca
Jara,74,Argentina,DC United
Andone,77,Romania,Brighton & Hove Albion
Mascherano,80,Argentina,Hebei China Fortune FC
Dembele,82,Belgium,Belgium
Epureanu,74,Moldova,Medipol Basaksehir FK
Debuchy,78,France,AS Saint-etienne
Turuc,75,Turkey,Kayserispor
Jantschke,75,Germany,Borussia Monchengladbach
Cardona,72,Argentina,Godoy Cruz
Verstraete,74,Belgium,KAA Gent
Perlaza,72,Colombia,Independiente Santa Fe
Ward,73,England,Crystal Palace
Golovin,78,Russia,AS Monaco
Meunier,82,Belgium,Paris Saint-Germain
Stark,78,Germany,Hertha BSC
Reid,73,England,Cardiff City
Hourihane,74,Republic of Ireland,Aston Villa
Vittor,73,Argentina,Universidad de Chile
Peralta,72,Colombia,Once Caldas
Gueye,83,Senegal,Everton
Lolley,73,England,Nottingham Forest
Belhanda,79,Morocco,Galatasaray SK
Livaja,76,Croatia,AEK Athens
Suarez,72,Argentina,RCD Mallorca
Bonucci,86,Italy,Juventus
Barco,73,Argentina,Atlanta United
Brasanac,74,Serbia,Deportivo Alaves
Shaqiri,82,Switzerland,Liverpool
Bardi,73,Italy,Frosinone
Ouattara,72,Ivory Coast,Cote d'Ivoire
Bolat,75,Turkey,Royal Antwerp FC
Nastasic,81,Serbia,FC Schalke 04
Shepelev,73,Ukraine,Dynamo Kyiv
Laimer,76,Austria,RB Leipzig
Glik,82,Poland,AS Monaco
Til,74,Netherlands,AZ Alkmaar
Silva,74,Chile,Independiente
Hajrovic,72,Bosnia Herzegovina,Dinamo Zagreb
Diaby,72,France,Paris Saint-Germain
Albrighton,77,England,Leicester City
Paschalakis,76,Greece,PAOK
Alvarez,74,Argentina,Real Zaragoza
Grifo,77,Italy,SC Freiburg
Heaton,79,England,Burnley
Koopmeiners,74,Netherlands,AZ Alkmaar
Morrison,74,England,Cardiff City
Miranchuk,73,Russia,Lokomotiv Moscow
Magallan,76,Argentina,Ajax
Guardado,82,Mexico,Real Betis
Verratti,86,Italy,Paris Saint-Germain
Benitez,78,Argentina,OGC Nice
Schaub,75,Austria,FC Koln
Molina,73,Mexico,Guadalajara
Chavarria,74,Argentina,Stade de Reims
Said,73,France,Dijon FCO
Anton,77,Germany,Hannover 96
Barnes,74,England,Leicester City
Rosales,74,Venezuela,RCD Espanyol
Al Dawsari,73,Saudi Arabia,Al Hilal
Mee,78,England,Burnley
Elneny,77,Egypt,Arsenal
Alvarez,74,Mexico,Mexico
Parker,73,United States,New York Red Bulls
Siligardi,73,Italy,Parma
Gonzo,72,Paraguay,Paraguay
Ferri,74,France,Nimes Olympique
El Hajjam,72,Morocco,Amiens SC
Risdon,72,Australia,Australia
Aouar,80,France,Olympique Lyonnais
El Shaarawy,81,Italy,Roma
Bender,83,Germany,Bayer 04 Leverkusen
Kaldirim,73,Turkey,Fenerbahce SK
Boetius,74,Netherlands,FSV Mainz 05
Dos Santos,77,Mexico,LA Galaxy
Godin,90,Uruguay,Atletico Madrid
Iheanacho,74,Nigeria,Leicester City
Bakasetas,73,Greece,AEK Athens
Crouch,72,England,Burnley
Pastore,81,Argentina,Roma
Rits,74,Belgium,Club Brugge KV
Seck,72,Senegal,SV Zulte-Waregem
Palacio,77,Argentina,Bologna
Sabaly,76,Senegal,FC Girondins de Bordeaux
Jung,73,Germany,Hamburger SV
Hassan,74,Egypt,Olympiacos CFP
Mendy,75,Senegal,Stade de Reims
Bocchetti,76,Italy,Spartak Moscow
Hernandez,77,France,Real Sociedad
Mercier,72,Argentina,Atletico Tucuman
Palomino,76,Argentina,Atalanta
Romero,80,Argentina,Manchester United
Shibasaki,77,Japan,Getafe CF
Peeters,73,Belgium,SV Zulte-Waregem
Fernandez,73,Argentina,Velez Sarsfield
Berghuis,79,Netherlands,Feyenoord
De Bruyne,91,Belgium,Manchester City
Krovinovic,77,Croatia,SL Benfica
Saief,72,United States,RSC Anderlecht
Barreto,73,Paraguay,Sampdoria
Skov,75,Denmark,FC Kobenhavn
McCarthy,77,England,Southampton
Beauvue,74,France,Stade Malherbe Caen
Bastians,74,Germany,Tianjin TEDA FC
Sommer,84,Switzerland,Borussia Monchengladbach
Zuqui,72,Argentina,Club Atletico Colon
Zarate,77,Argentina,Boca Juniors
Dimitrievski,73,FYR Macedonia,Rayo Vallecano
Thomas,75,France,Angers SCO
Bakalorz,74,Germany,Hannover 96
Shotton,72,England,Middlesbrough
Cresswell,76,England,West Ham United
Ulreich,80,Germany,FC Bayern Munchen
Gressel,72,Germany,Atlanta United
Williams,72,Wales,Stoke City
Dibassy,74,Mali,Amiens SC
Chiriches,78,Romania,Napoli
Jahovic,74,FYR Macedonia,Atiker Konyaspor
Rios,73,Mexico,Deportivo Toluca
Koubek,76,Czech Republic,Stade Rennais FC
Meite,77,France,Torino
Andrada,76,Argentina,Boca Juniors
Akbaba,77,Turkey,Galatasaray SK
Pantilimon,72,Romania,Nottingham Forest
Foster,79,England,Watford
Di Gaudio,74,Italy,Hellas Verona
Bannan,73,Scotland,Sheffield Wednesday
Trapp,73,United States,Columbus Crew SC
Cabot,72,France,FC Lorient
Van der Hoorn,73,Netherlands,Swansea City
Van Leer,72,Netherlands,NAC Breda
Di Santo,74,Argentina,Rayo Vallecano
Manolas,85,Greece,Roma
Kempf,74,Germany,VfB Stuttgart
Wague,73,Mali,Nottingham Forest
Ighalo,77,Nigeria,Shanghai Greenland Shenhua FC
Robertson,83,Scotland,Liverpool
Quagliarella,82,Italy,Sampdoria
Ordets,76,Ukraine,Shakhtar Donetsk
Vazquez,76,Mexico,Santos Laguna
Prodl,74,Austria,Watford
Tielemans,78,Belgium,Leicester City
Genevois,73,Haiti,Stade Malherbe Caen
Pierre-Gabriel,72,France,AS Monaco
Sangare,74,Ivory Coast,Toulouse Football Club
Sahan,74,Turkey,Trabzonspor
Lawrence,72,Wales,Derby County
Correa,74,Colombia,Once Caldas
Zaldivar,72,Mexico,Monterrey
Bedoya,74,United States,Philadelphia Union
Abedzadeh,73,Iran,Clube Sport Maritimo
Young,79,England,Manchester United
Khedira,84,Germany,Juventus
Salvio,81,Argentina,SL Benfica
Bittencourt,78,Germany,TSG 1899 Hoffenheim
Gazzaniga,75,Argentina,Tottenham Hotspur
Gavranovic,72,Switzerland,Dinamo Zagreb
Garmash,77,Ukraine,Dynamo Kyiv
Mollo,72,France,FC Sochaux-Montbeliard
Weigl,80,Germany,Borussia Dortmund
Harbaoui,73,Tunisia,SV Zulte-Waregem
Brizuela,76,Mexico,Guadalajara
Mas,75,Argentina,Boca Juniors
Leca,73,France,Racing Club de Lens
Wolf,74,Austria,FC Red Bull Salzburg
Otero,72,Colombia,Amiens SC
Cahill,79,England,Chelsea
Mobara,72,South Africa,Orlando Pirates
Flamini,75,France,Getafe CF
Mounie,75,Benin,Huddersfield Town
Rosina,73,Italy,US Salernitana 1919
Paredes,80,Argentina,Paris Saint-Germain
Koscielny,82,France,Arsenal
Melchiorri,73,Italy,Perugia
Santon,76,Italy,Roma
Chibsah,72,Ghana,Frosinone
McDonald,74,Scotland,Fulham
Schmiedebach,72,Germany,FC Union Berlin
Mirallas,78,Belgium,Fiorentina
Al Hussien,73,Syria,Al Taawoun
Gunn,72,England,Southampton
Barragan,71,Mexico,Club Necaxa
Tavernier,75,England,Rangers FC
Boruc,75,Poland,Bournemouth
Falette,74,Guinea,Eintracht Frankfurt
Blanco,76,Argentina,Portland Timbers
Haroun,74,Belgium,Royal Antwerp FC
Quioto,72,Honduras,Houston Dynamo
Leno,83,Germany,Arsenal
Schaars,73,Netherlands,SC Heerenveen
Hazard,83,Belgium,Borussia Monchengladbach
Goiginger,72,Austria,LASK Linz
Cristante,78,Italy,Roma
Granat,72,Russia,Russia
Schiattarella,73,Italy,SPAL
Perotti,80,Argentina,Roma
Abecasis,72,Argentina,Godoy Cruz
Coco,75,France,En Avant de Guingamp
Schindler,73,Ghana,Holstein Kiel
Clark,76,Republic of Ireland,Newcastle United
Radoja,75,Serbia,RC Celta
Msakni,72,Tunisia,KAS Eupen
Sylla,72,Guinea,Toulouse Football Club
Gordon,74,Scotland,Celtic
Masuaku,75,DR Congo,West Ham United
Gacinovic,76,Serbia,Eintracht Frankfurt
Orozco,76,Mexico,Santos Laguna
Schar,75,Switzerland,Newcastle United
Matic,84,Serbia,Manchester United
Torunarigha,72,Germany,Hertha BSC
Van Persie,78,Netherlands,Feyenoord
Al Soma,78,Syria,Al Ahli
Diomande,72,Ivory Coast,Stade Malherbe Caen
Blin,72,France,Amiens SC
Reginiussen,74,Norway,Rosenborg BK
Ribery,83,France,FC Bayern Munchen
Nkoudou,75,France,AS Monaco
Zaza,81,Italy,Torino
De Silvestri,75,Italy,Torino
Meza,73,Colombia,Tigres U.A.N.L.
Borre,77,Colombia,River Plate
Lacazette,85,France,Arsenal
Gnahore,74,France,Amiens SC
Kiese Thelin,72,Sweden,Bayer 04 Leverkusen
Mateta,74,France,FSV Mainz 05
Schmeichel,83,Denmark,Leicester City
Tomasevic,73,Montenegro,KV Oostende
Steffen,76,Switzerland,VfL Wolfsburg
Krohn-Dehli,73,Denmark,Deportivo de La Coruna
Rey,74,Argentina,PAOK
Montoya,72,Colombia,Millonarios FC
Mayada,73,Uruguay,River Plate
Haraguchi,75,Japan,Hannover 96
Roux,75,France,En Avant de Guingamp
Duque,73,Colombia,Millonarios FC
Uronen,73,Finland,KRC Genk
Rose,81,England,Tottenham Hotspur
Ayhan,72,Turkey,MKE Ankaragucu
Bertrand,78,England,Southampton
Baselli,79,Italy,Torino
Kunde Malong,74,Cameroon,FSV Mainz 05
Armenteros,72,Sweden,Benevento
Murillo,72,Panama,New York Red Bulls
Cameron,73,United States,Queens Park Rangers
Stuani,81,Uruguay,Girona FC
Onana,80,Cameroon,Ajax
Lamprou,72,Greece,Ajax
Wood,77,New Zealand,Burnley
Sels,77,Belgium,RC Strasbourg Alsace
Farias,72,Argentina,CD Palestino
Barrera,75,Colombia,Rosario Central
Jara,75,Argentina,Pachuca
Steppe,71,Belgium,Sint-Truidense VV
Elia,77,Netherlands,Medipol Basaksehir FK
Zahavi,80,Israel,Guangzhou R&F FC
Valdez,75,Paraguay,Club America
Ronnow,75,Denmark,Eintracht Frankfurt
Juklerod,72,Norway,Royal Antwerp FC
Carbonero,72,Colombia,Deportivo Cali
Lamanna,72,Italy,Spezia
Unnerstall,76,Germany,VVV-Venlo
Pavoletti,78,Italy,Cagliari
Mertens,87,Belgium,Napoli
Teodorczyk,76,Poland,Udinese
Roncaglia,76,Argentina,Valencia CF
Kamara,75,Norway,LA Galaxy
De Jong,80,Netherlands,PSV
Sanchez,84,Colombia,Tottenham Hotspur
Welbeck,77,England,Arsenal
Crivelli,73,France,Stade Malherbe Caen
Handanovic,88,Slovenia,Inter
Gomez,79,Germany,VfB Stuttgart
Colley,76,Gambia,Sampdoria
Acosta,76,Argentina,Club Atletico Lanus
Tousart,79,France,Olympique Lyonnais
Hoger,76,Germany,FC Koln
Ofori,72,Ghana,New York City FC
Schlupp,73,Ghana,Crystal Palace
Meggiorini,73,Italy,Chievo Verona
Malyshev,72,Ukraine,Shakhtar Donetsk
Dummett,75,Wales,Newcastle United
Diousse,72,Senegal,Chievo Verona
Defoe,77,England,Rangers FC
Miranda,73,Argentina,Defensa y Justicia
Sturridge,79,England,Liverpool
Verde,72,Italy,Real Valladolid CF
Wakaso,75,Ghana,Deportivo Alaves
Stafylidis,75,Greece,FC Augsburg
Kobayashi,76,Japan,Kawasaki Frontale
Schmelzer,77,Germany,Borussia Dortmund
Hoedt,75,Netherlands,RC Celta
Sunu,72,France,BB Erzurumspor
Bijlow,74,Netherlands,Feyenoord
Aguedar,74,Paraguay,Paraguay
Granqvist,80,Sweden,Sweden
Nakamura,72,Japan,Jubilo Iwata
Esswein,72,Germany,VfB Stuttgart
Samatta,77,Tanzania,KRC Genk
Sahiner,75,Turkey,Atiker Konyaspor
Rudy,79,Germany,FC Schalke 04
Cook,77,England,Bournemouth
Kanon,72,Ivory Coast,ADO Den Haag
Chafik,72,Morocco,Dijon FCO
Hegazi,76,Egypt,West Bromwich Albion
Maher,73,Netherlands,AZ Alkmaar
Seferovic,76,Switzerland,Switzerland
Sunzu,73,Zambia,FC Metz
Gonzalez,72,Argentina,VfB Stuttgart
Kolasinac,79,Bosnia Herzegovina,Arsenal
Coleman,79,Republic of Ireland,Everton
Rossi,74,Argentina,Boca Juniors
Zungu,74,South Africa,Amiens SC
Trasch,74,Germany,FC Ingolstadt 04
Maksimovic,75,Serbia,Getafe CF
Mathenia,73,Germany,FC Nurnberg
Mehle,75,Denmark,KRC Genk
Goitom,72,Eritrea,AIK
Mitrovic,78,Serbia,Fulham
Oikonomou,72,Greece,AEK Athens
Paloschi,76,Italy,SPAL
Bolingoli,72,Belgium,SK Rapid Wien
Johnson,77,United States,Borussia Monchengladbach
Gomez,84,Argentina,Atalanta
Zeneli,73,Kosovo,Stade de Reims
Grob,77,Germany,Brighton & Hove Albion
Sanchez Mino,74,Argentina,Independiente
Masina,74,Italy,Watford
Fabian,76,Mexico,Philadelphia Union
Hitz,79,Switzerland,Borussia Dortmund
Valdes,73,Chile,Colo-Colo
Asamoah,79,Ghana,Inter
Fofana,75,Ivory Coast,Cote d'Ivoire
Cristoforo,75,Uruguay,Getafe CF
Demirok,73,Turkey,Atiker Konyaspor
Al Abed,72,Saudi Arabia,Al Hilal
Lowe,73,Germany,Huddersfield Town
Ozcan,75,Austria,Bayer 04 Leverkusen
Poblete,72,Argentina,San Lorenzo de Almagro
Lletget,72,United States,LA Galaxy
Longo,72,Italy,US Cremonese
Akinfeev,80,Russia,PFC CSKA Moscow
Murphy,72,Scotland,Rangers FC
Mvogo,76,Switzerland,RB Leipzig
Barrientos,73,Argentina,Deportivo Toluca
Sanchez,77,Colombia,West Ham United
Behich,73,Australia,PSV
Cisse,73,Senegal,Olympiacos CFP
Collins,72,Wales,Ipswich Town
Khazri,79,Tunisia,AS Saint-etienne
Sarr,76,France,Olympique de Marseille
Hurtado,75,Colombia,Monterrey
Knoll,73,Germany,FC St. Pauli
Bennett,73,England,Wolverhampton Wanderers
Hopf,76,Sweden,MKE Ankaragucu
Ibrahimovic,85,Sweden,LA Galaxy
Johansen,74,Norway,West Bromwich Albion
Alar,72,Austria,SK Rapid Wien
Morrison,76,England,ostersunds FK
Bargfrede,76,Germany,SV Werder Bremen
Urretaviscaya,75,Uruguay,Monterrey
Ba,72,Senegal,Rayo Vallecano
Skjelbred,76,Norway,Hertha BSC
Aubameyang,88,Gabon,Arsenal
Gradel,78,Ivory Coast,Toulouse Football Club
Long,73,Republic of Ireland,Burnley
Hennessey,75,Wales,Crystal Palace
Vlap,72,Netherlands,SC Heerenveen
Jokic,75,Slovenia,Slovenia
Pantic,72,Serbia,Cadiz CF
Balde,80,Senegal,Inter
Mangani,75,France,Angers SCO
Corona,75,Mexico,Mexico
Sosa,74,Uruguay,Monarcas Morelia
Caceres,78,Uruguay,Juventus
Arfield,74,Canada,Rangers FC
Diaz,72,Colombia,Alianza Petrolera
Thereau,75,France,Cagliari
Livermore,73,England,West Bromwich Albion
Dahoud,80,Germany,Borussia Dortmund
Van Aanholt,76,Netherlands,Crystal Palace
Malen,72,Netherlands,PSV
Martin,77,France,RC Strasbourg Alsace
Silva,72,Paraguay,Club Atletico Huracan
Romagna,72,Italy,Cagliari
Okore,72,Denmark,Aalborg BK
Mavraj,72,Albania,FC Ingolstadt 04
Morgan,76,Jamaica,Leicester City
Gunnarsson,73,Iceland,Cardiff City
Briand,75,France,FC Girondins de Bordeaux
Cuadrado,84,Colombia,Juventus
Roussillon,81,France,VfL Wolfsburg
Esser,76,Germany,Hannover 96
Dennis,74,Nigeria,Club Brugge KV
Figal,75,Argentina,Independiente
Gelin,73,France,Stade Rennais FC
Baker,72,England,Bristol City
Egan,73,Republic of Ireland,Sheffield United
Sambueza,77,Argentina,Club Leon
Jones,79,England,Manchester United
Polter,72,Germany,FC Union Berlin
Brignoli,72,Italy,Palermo
Marie,72,France,Dijon FCO
Medunjanin,75,Bosnia Herzegovina,Philadelphia Union
Letizia,72,Italy,Benevento
Dembele,77,France,Olympique Lyonnais
Caprari,74,Italy,Sampdoria
Araujo,73,Argentina,UD Las Palmas
Lossl,76,Denmark,Huddersfield Town
Dzemaili,77,Switzerland,Bologna
Diakhaby,73,France,Huddersfield Town
Cerri,72,Italy,Cagliari
Kampl,83,Slovenia,RB Leipzig
Kodjia,74,Ivory Coast,Aston Villa
Da Silva,72,Paraguay,Paraguay
Martinez,73,Argentina,San Lorenzo de Almagro
Lemar,83,France,Atletico Madrid
Mitrovic,75,Serbia,RC Strasbourg Alsace
Jean,72,France,Toulouse Football Club
Vicari,73,Italy,SPAL
Vejinovic,72,Netherlands,AZ Alkmaar
Bahoken,74,Cameroon,Angers SCO
Rinaudo,73,Argentina,Rosario Central
Aguilar,76,Paraguay,Cruz Azul
Albornoz,72,Chile,Hannover 96
Iturbe,74,Paraguay,U.N.A.M.
Mbemba,74,DR Congo,FC Porto
Diop,77,Senegal,SD Eibar
Augustin,77,France,RB Leipzig
Terodde,77,Germany,FC Koln
Ramirez,72,Ecuador,Ecuador
Tibbling,72,Sweden,Brondby IF
Salibur,76,France,AS Saint-etienne
Pepe,80,Ivory Coast,LOSC Lille
Adams,73,England,Birmingham City
Inan,75,Turkey,Galatasaray SK
N'Diaye,76,Senegal,Malaga CF
Guzman,75,Mexico,Mexico
Arslan,75,Germany,Fenerbahce SK
Kimpembe,83,France,Paris Saint-Germain
Laxalt,78,Uruguay,Milan
Mukhtar,73,Germany,Brondby IF
Vukovic,74,Australia,KRC Genk
Stephens,76,England,Brighton & Hove Albion
Donsah,75,Ghana,Bologna
Ricci,72,Italy,Benevento
Tarkowski,79,England,Burnley
Biyogo Poko,72,Gabon,Goztepe SK
Misidjan,74,Netherlands,FC Nurnberg
Hysaj,80,Albania,Napoli
Balliu,73,Albania,FC Metz
Kovalenko,74,Ukraine,Shakhtar Donetsk
Farfan,78,Peru,Lokomotiv Moscow
Verdi,81,Italy,Napoli
Davies,72,Canada,FC Bayern Munchen
Hernandez,78,Mexico,Cruz Azul
Muriel,80,Colombia,Fiorentina
Tshabalala,76,South Africa,BB Erzurumspor
Pabon,75,Colombia,Monterrey
Bravo,78,Chile,Manchester City
Arias,72,Colombia,Independiente Medellin
Benteke,76,Belgium,Crystal Palace
Aguirregaray,73,Uruguay,Al Fateh
Aziz,77,Turkey,Fenerbahce SK
Mauri,72,Italy,Milan
Mendy,81,France,Manchester City
Escalante,77,Argentina,SD Eibar
Jarstein,83,Norway,Hertha BSC
Villalpando,72,Mexico,Guadalajara
Khocholava,72,Georgia,Shakhtar Donetsk
Lainez,72,Mexico,Real Betis
Robben,84,Netherlands,FC Bayern Munchen
Shoji,75,Japan,Toulouse Football Club
Arias,79,Colombia,Atletico Madrid
Tomovic,73,Serbia,Chievo Verona
Skhiri,77,Tunisia,Montpellier HSC
Lestienne,74,Belgium,Standard de Liege
Refaelov,75,Israel,Royal Antwerp FC
Heintz,76,Germany,SC Freiburg
Dibusz,72,Hungary,Hungary
Rashica,76,Kosovo,SV Werder Bremen
Thomas,75,New Zealand,PSV
Sane,74,Senegal,Orlando City SC
Silva,73,Uruguay,Uruguay
Angileri,72,Argentina,Godoy Cruz
Rodriguez,75,Uruguay,Club Tijuana
Clyne,79,England,Bournemouth
Montillo,73,Argentina,Club Atletico Tigre
Lobotka,78,Slovakia,RC Celta
Pisacane,72,Italy,Cagliari
Kombarov,72,Russia,Spartak Moscow
Dabo,74,Burkina Faso,Fiorentina
Salin,74,France,Sporting CP
Durmisi,76,Denmark,Lazio
Mazraoui,75,Morocco,Ajax
Zurkowski,72,Poland,Gornik Zabrze
Candelo,71,Colombia,Atletico Nacional
Besic,74,Bosnia Herzegovina,Middlesbrough
Penneteau,73,France,Sporting de Charleroi
Sigurtharson,73,Iceland,Iceland
Sippel,74,Germany,Borussia Monchengladbach
Alario,79,Argentina,Bayer 04 Leverkusen
Ogbonna,77,Italy,West Ham United
Nervo,73,Argentina,Santos Laguna
Gomez,78,England,Liverpool
Furch,75,Argentina,Santos Laguna
Colak,76,Turkey,Al Wehda
Forrest,76,Scotland,Celtic
Pavard,79,France,VfB Stuttgart
Benrahma,72,Algeria,Brentford
Suarez,91,Uruguay,Atletico Madrid
Gabbiadini,77,Italy,Sampdoria
Layun,77,Mexico,Mexico
Fofana,75,Ivory Coast,Udinese
Kudryashov,73,Russia,Medipol Basaksehir FK
Besedin,74,Ukraine,Dynamo Kyiv
Kittel,74,Germany,FC Ingolstadt 04
Lo Celso,82,Argentina,Real Betis
Hernandez,75,Colombia,SD Huesca
Garcia,75,Argentina,Deportivo Toluca
Menez,73,France,Club America
Rojas,72,Paraguay,Queretaro
Diouf,73,Senegal,Stoke City
Ikone,75,France,LOSC Lille
Guilbert,76,France,Stade Malherbe Caen
Bennacer,73,Algeria,Empoli
Waris,74,Ghana,FC Nantes
Wimmer,74,Austria,Hannover 96
Antenucci,76,Italy,SPAL
Gibson,74,England,Burnley
Mitroglou,77,Greece,Galatasaray SK
Raggi,74,Italy,AS Monaco
Hrosovsky,74,Slovakia,Viktoria Plzen
Nagatomo,74,Japan,Galatasaray SK
Deli,74,Ivory Coast,SK Slavia Praha
Sagna,74,France,Montreal Impact
Viergever,76,Netherlands,PSV
Kruse,82,Germany,SV Werder Bremen
Papadopoulos,77,Greece,Hamburger SV
Konate,74,Ivory Coast,Cote d'Ivoire
Pulido,74,Mexico,Guadalajara
Di Maria,85,Argentina,Paris Saint-Germain
Linnes,73,Norway,Galatasaray SK
Johannsson,72,United States,SV Werder Bremen
Stepanenko,80,Ukraine,Shakhtar Donetsk
Arriola,72,United States,DC United
Bellusci,71,Italy,Palermo
Kalou,79,Ivory Coast,Hertha BSC
Gignac,80,France,Tigres U.A.N.L.
Petkovic,72,Croatia,Dinamo Zagreb
Abraham,75,England,Aston Villa
Leckie,75,Australia,Hertha BSC
Opara,76,United States,Minnesota United FC
Rebic,80,Croatia,Eintracht Frankfurt
Hauche,74,Argentina,Argentinos Juniors
Reyes,76,Mexico,CD Leganes
Mojica,78,Colombia,Girona FC
Scuffet,72,Italy,Kasimpasa SK
Hoffmann,72,Germany,Fortuna Dusseldorf
Kean,72,Italy,Juventus
Schneiderlin,78,France,Everton
Vlaar,73,Netherlands,AZ Alkmaar
Gutierrez,75,Chile,Sporting Kansas City
Adams,72,United States,RB Leipzig
Gunok,72,Turkey,Medipol Basaksehir FK
Griffiths,74,Scotland,Celtic
Djidji,75,Ivory Coast,Torino
Diamanti,76,Italy,Livorno
Wilson,79,England,Bournemouth
Pussetto,74,Argentina,Udinese
Kurzawa,78,France,Paris Saint-Germain
Castro,76,Germany,VfB Stuttgart
Tettey,72,Norway,Norwich City
Husbauer,73,Czech Republic,SK Slavia Praha
Boateng,85,Germany,FC Bayern Munchen
Zobnin,79,Russia,Spartak Moscow
Franco,75,Argentina,Independiente
Morelos,75,Colombia,Rangers FC
Ledley,72,Wales,Wales
Reid,76,New Zealand,West Ham United
Awaziem,74,Nigeria,caykur Rizespor
Bakayoko,81,France,Milan
Ramos,72,Colombia,Granada CF
Basanta,73,Argentina,Monterrey
Johnsson,73,Sweden,En Avant de Guingamp
Ujah,73,Nigeria,FSV Mainz 05
Zmrhal,72,Czech Republic,SK Slavia Praha
De Ligt,83,Netherlands,Ajax
Ruffier,84,France,AS Saint-etienne
Kamano,77,Guinea,FC Girondins de Bordeaux
Mosquera,72,Colombia,Club Leon
Odjidja-Ofoe,77,Belgium,KAA Gent
Vangioni,75,Argentina,Monterrey
Kompany,85,Belgium,Manchester City
Blandi,76,Argentina,San Lorenzo de Almagro
Orban,74,Argentina,Racing Club
Tore,76,Turkey,Besiktas JK
Terranova,73,Italy,US Cremonese
Xhaka,73,Albania,FC Basel 1893
Jovetic,79,Montenegro,AS Monaco
Musso,74,Argentina,Udinese
Nagy,76,Hungary,Bologna
Markovic,74,Serbia,Fulham
Murru,74,Italy,Sampdoria
Aquino,73,Peru,Peru
Viera,73,Uruguay,Junior FC
Ademi,75,FYR Macedonia,Dinamo Zagreb
Lopez,76,France,Olympique de Marseille
Dragovic,77,Austria,Bayer 04 Leverkusen
Mubele,74,DR Congo,Toulouse Football Club
Simpson,74,England,Leicester City
Cooper,74,Scotland,Leeds United
Noble,76,England,West Ham United
Locadia,76,Netherlands,Brighton & Hove Albion
Diagne,73,Senegal,Atiker Konyaspor
Zuber,76,Switzerland,VfB Stuttgart
Cano,76,Argentina,Independiente Medellin
Dabbur,79,Israel,FC Red Bull Salzburg
Vrancic,73,Bosnia Herzegovina,Norwich City
Duenas,74,Mexico,Tigres U.A.N.L.
Sanogo,73,France,Toulouse Football Club
Poulsen,80,Denmark,RB Leipzig
Zabala,72,Uruguay,Union de Santa Fe
Degenek,74,Australia,Australia
Friend,72,England,Middlesbrough
Hendrick,75,Republic of Ireland,Burnley
Bussmann,73,France,FSV Mainz 05
Kverkvelia,76,Georgia,Lokomotiv Moscow
Lustenberger,77,Switzerland,Hertha BSC
Padelli,74,Italy,Inter
Kuciak,72,Slovakia,Lechia Gdansk
De Maio,77,France,Udinese
Diallo,73,Senegal,FC Metz
Quaison,75,Sweden,FSV Mainz 05
Barrios,73,Colombia,FC Dallas
Adegbenro,72,Nigeria,Rosenborg BK
Ndong,73,Gabon,En Avant de Guingamp
Zapata,79,Colombia,Atalanta
Avila,72,Peru,Monarcas Morelia
Kana-Biyik,74,Cameroon,Kayserispor
Gazinskiy,75,Russia,Russia
Donis,73,Greece,VfB Stuttgart
Olaza,72,Uruguay,RC Celta
Izquierdoz,78,Argentina,Boca Juniors
Vada,73,Argentina,AS Saint-etienne
Herelle,76,France,OGC Nice
Ocampos,77,Argentina,Olympique de Marseille
Klement,73,Germany,SC Paderborn 07
Acevedo,73,Argentina,Union de Santa Fe
Mor,74,Turkey,RC Celta
Asad,73,Argentina,Velez Sarsfield
Benalouane,73,Tunisia,Nottingham Forest
De Preville,74,France,FC Girondins de Bordeaux
Kaminski,73,Poland,Fortuna Dusseldorf
Peralta,72,Colombia,La Equidad
Durmaz,74,Sweden,Toulouse Football Club
Elliot,72,Republic of Ireland,Newcastle United
Gomez,72,Argentina,San Martin de Tucuman
Villalba,75,Paraguay,Atlanta United
Smith,76,England,Bournemouth
Konan,75,Ivory Coast,Stade de Reims
Otero,75,Venezuela,Venezuela
Funes Mori,77,Argentina,Villarreal CF
Duncan,75,Ghana,Sassuolo
Quinones,75,Colombia,Tigres U.A.N.L.
Berra,74,Scotland,Heart of Midlothian
Osborn,72,England,Nottingham Forest
Guendouzi,72,France,Arsenal
Ardente,72,Argentina,San Martin de San Juan
Etheridge,74,Philippines,Cardiff City
Sane,82,Senegal,FC Schalke 04
Castro,72,Argentina,Defensa y Justicia
Abila,77,Argentina,Boca Juniors
Adnan,72,Iraq,Atalanta
Ortiz,77,Paraguay,Paraguay
Ayhan,75,Turkey,Fortuna Dusseldorf
Jakupovic,72,Switzerland,Leicester City
Abdelhamid,75,Morocco,Stade de Reims
Kamara,72,France,RC Strasbourg Alsace
Balotelli,82,Italy,Olympique de Marseille
Dzhanaev,74,Russia,Miedz Legnica
Calvert-Lewin,75,England,Everton
Valenzuela,71,Argentina,Columbus Crew SC
Meier,74,Germany,FC St. Pauli
Diaby,76,Mali,Sporting CP
Bentancur,78,Uruguay,Juventus
Salazar,72,Argentina,San Lorenzo de Almagro
Martin Arias,75,Argentina,Gimnasia y Esgrima La Plata
Gameiro,80,France,Valencia CF
Arias,74,Chile,Chile
Perez,77,Argentina,Independiente
Nzonzi,81,France,Roma
Matip,71,Cameroon,FC Ingolstadt 04
Limbersky,74,Czech Republic,Viktoria Plzen
Surman,75,England,Bournemouth
Acosta,72,United States,Colorado Rapids
Fontanini,72,Argentina,Newell's Old Boys
Lombaerts,73,Belgium,KV Oostende
Mena,74,Chile,Chile
Jankto,76,Czech Republic,Sampdoria
Lloris,88,France,Tottenham Hotspur
Santander,74,Paraguay,Bologna
Amartey,74,Ghana,Leicester City
Mangala,73,Belgium,Hamburger SV
Makarenko,72,Ukraine,RSC Anderlecht
Nababkin,73,Russia,PFC CSKA Moscow
Nhamoinesu,72,Zimbabwe,Sparta Praha
Mahrez,85,Algeria,Manchester City
Lasagna,77,Italy,Udinese
Pisculichi,73,Argentina,Argentinos Juniors
Cheryshev,78,Russia,Valencia CF
Sviatchenko,74,Denmark,FC Midtjylland
Christodoulopoulos,76,Greece,Olympiacos CFP
Schindler,78,Germany,Huddersfield Town
Martinez,74,Argentina,Defensa y Justicia
Thorsby,71,Norway,SC Heerenveen
Ndiaye Diedhiou,76,Senegal,Getafe CF
Skoda,74,Czech Republic,SK Slavia Praha
Jones,73,Trinidad & Tobago,SV Darmstadt 98
Narey,72,Germany,Hamburger SV
Schelotto,73,Italy,Chievo Verona
De Guzman,77,Netherlands,Eintracht Frankfurt
Krishna,73,Fiji,Wellington Phoenix
Di Gennaro,72,Italy,US Salernitana 1919
Pereiro,77,Uruguay,PSV
Kameni,74,Cameroon,Fenerbahce SK
Vilakazi,74,South Africa,South Africa
Payet,83,France,Olympique de Marseille
Ait Bennasser,75,Morocco,AS Saint-etienne
Mollet,77,France,Montpellier HSC
Hasebe,79,Japan,Eintracht Frankfurt
Shawcross,72,England,Stoke City
Cacciatore,73,Italy,Cagliari
Alvarez,74,Argentina,Club Atlas
Coufal,73,Czech Republic,SK Slavia Praha
Viviani,75,Italy,Frosinone
Immers,72,Netherlands,ADO Den Haag
Sakho,79,France,Crystal Palace
Benito,72,Switzerland,BSC Young Boys
Chiellini,90,Italy,Juventus
Buttner,73,Netherlands,Vitesse
Rossi,72,Uruguay,Los Angeles FC
Kalinic,76,Croatia,Aston Villa
De Jong,73,Netherlands,Sydney FC
Koulouris,72,Greece,Greece
Leitner,73,Germany,Norwich City
Urruti,73,Argentina,Montreal Impact
Rooney,80,England,DC United
Jovanovic,72,Serbia,FC Girondins de Bordeaux
Sarr,75,France,OGC Nice
Podolski,77,Germany,Vissel Kobe
Koutris,72,Greece,Olympiacos CFP
Sensi,73,Italy,Sassuolo
Fullkrug,77,Germany,Hannover 96
Holding,76,England,Arsenal
Icardi,87,Argentina,Inter
Wass,79,Denmark,Valencia CF
Akpa Akpro,72,Ivory Coast,US Salernitana 1919
Omeruo,72,Nigeria,CD Leganes
Akhmedov,75,Uzbekistan,Shanghai SIPG FC
Sakai,78,Japan,Olympique de Marseille
Saiss,74,Morocco,Wolverhampton Wanderers
Schurrle,77,Germany,Fulham
Hunt,76,Germany,Hamburger SV
Durm,75,Germany,Huddersfield Town
Altidore,75,United States,Toronto FC
Janssen,75,Netherlands,Tottenham Hotspur
Quintero,80,Colombia,Colombia
Balde,72,Senegal,Real Oviedo
Stryger Larsen,74,Denmark,Udinese
Barbosa,75,Argentina,Villarreal CF
Jansson,77,Sweden,Leeds United
Arambarri,76,Uruguay,Getafe CF
Pasqual,74,Italy,Empoli
Vilhena,78,Netherlands,Feyenoord
Hubner,79,Germany,TSG 1899 Hoffenheim
Ceccherini,72,Italy,Fiorentina
Zukanovic,74,Bosnia Herzegovina,Genoa
Amrabat,73,Morocco,Club Brugge KV
Rodriguez,76,Argentina,Club Atletico Colon
Aquino,77,Mexico,Tigres U.A.N.L.
Pejcinovic,77,Serbia,Changchun Yatai FC
Lazovic,74,Serbia,Genoa
Robles,74,United States,New York Red Bulls
Clayton,73,England,Middlesbrough
Martinez,76,Colombia,Portimonense SC
Tasci,77,Germany,Medipol Basaksehir FK
Gil,73,Argentina,Rosario Central
Ninga,73,Chad,Stade Malherbe Caen
Butko,75,Ukraine,Shakhtar Donetsk
Andersen,76,Denmark,Sampdoria
Van Dijk,88,Netherlands,Liverpool
Shabanov,72,Ukraine,Dynamo Kyiv
Yamaguchi,72,Japan,Vissel Kobe
Forestieri,73,Italy,Sheffield Wednesday
Van Crombrugge,73,Belgium,KAS Eupen
Mrabti,73,Sweden,Birmingham City
Reach,73,England,Sheffield Wednesday
Karaca,72,Turkey,Alanyaspor
Varga,72,Hungary,Hungary
Didillon,75,France,RSC Anderlecht
Musonda,74,Belgium,Vitesse
Bailly,81,Ivory Coast,Manchester United
Lowton,77,England,Burnley
Diagne,75,Senegal,Galatasaray SK
Arslanagic,72,Belgium,Royal Antwerp FC
Castro,78,Argentina,Cagliari
Ninkovic,75,Serbia,Sydney FC
Frei,75,Switzerland,FC Basel 1893
Murg,72,Austria,SK Rapid Wien
Tameze,74,France,OGC Nice
Hamouma,76,France,AS Saint-etienne
Struna,72,Slovenia,Houston Dynamo
Mevlja,75,Slovenia,Slovenia
Vermaelen,77,Belgium,FC Barcelona
Nestorovski,74,FYR Macedonia,Palermo
Stevens,73,Republic of Ireland,Sheffield United
Moreira,72,France,Toulouse Football Club
Aholou,76,Ivory Coast,AS Monaco
Bryan,74,England,Fulham
Santos,73,Uruguay,CD Leganes
Wiedwald,71,Germany,MSV Duisburg
Omur,72,Turkey,Trabzonspor
Ragusa,73,Italy,Hellas Verona
Pieters,74,Netherlands,Amiens SC
Baluta,72,Romania,SK Slavia Praha
Cuisance,72,France,Borussia Monchengladbach
Cordoba,74,Colombia,FC Koln
Masouras,72,Greece,Olympiacos CFP
Van der Werff,72,Netherlands,Vitesse
Nita,72,Romania,Sparta Praha
Parolo,82,Italy,Lazio
Metanire,72,Madagascar,Minnesota United FC
Viviano,82,Italy,SPAL
Zabaleta,76,Argentina,West Ham United
Carrillo,78,Peru,Peru
Drmic,75,Switzerland,Borussia Monchengladbach
Klaassen,79,Netherlands,SV Werder Bremen
Bungert,73,Germany,FSV Mainz 05
Villalva,72,Argentina,Queretaro
Gimenez,84,Uruguay,Atletico Madrid
Destro,75,Italy,Bologna
Piatti,80,Argentina,Montreal Impact
Cuevas,73,Argentina,CD Everton de Vina del Mar
Moubandje,72,Switzerland,Toulouse Football Club
Cahuzac,72,France,Toulouse Football Club
Vecino,80,Uruguay,Inter
Limnios,72,Greece,PAOK
Assale,73,Ivory Coast,BSC Young Boys
Bamba,76,France,LOSC Lille
Rulli,80,Argentina,Real Sociedad
Mancuello,77,Argentina,Deportivo Toluca
Wikheim,73,Norway,FC Midtjylland
Browne,74,Republic of Ireland,Preston North End
Lajud,72,Mexico,Club Tijuana
Saville,73,Northern Ireland,Middlesbrough
Behrami,76,Switzerland,Udinese
Raman,73,Belgium,Fortuna Dusseldorf
Goltz,74,Argentina,Boca Juniors
Etxeberria,74,Paraguay,Paraguay
Coman,83,France,FC Bayern Munchen
Gumus,74,Germany,Galatasaray SK
Sane,86,Germany,Manchester City
Garcia,78,Uruguay,Godoy Cruz
Yaremchuk,71,Ukraine,KAA Gent
Austin,76,England,Southampton
Bakakis,72,Greece,AEK Athens
Kuwas,74,Curacao,Heracles Almelo
Orban,79,Hungary,RB Leipzig
Babin,74,France,Real Sporting de Gijon
Rojo,79,Argentina,Manchester United
Trawally,72,Gambia,Al Shabab
Schwolow,78,Germany,SC Freiburg
Martinez,74,France,RC Strasbourg Alsace
Mariappa,74,Jamaica,Watford
Salinas,73,Mexico,Deportivo Toluca
Poundje,73,France,FC Girondins de Bordeaux
Roco,74,Chile,Besiktas JK
Hetemaj,76,Finland,Chievo Verona
Katsande,72,Zimbabwe,Kaizer Chiefs
Gomez,72,Argentina,Estudiantes de La Plata
Szalai,76,Hungary,TSG 1899 Hoffenheim
De Paul,77,Argentina,Udinese
Hult,74,Sweden,AEK Athens
Uribe,76,Colombia,Colombia
Cabrera,74,Uruguay,Deportivo Cali
Barreca,75,Italy,Newcastle United
Cubas,72,Argentina,Club Atletico Talleres
Jara,73,Chile,Estudiantes de La Plata
Guzan,73,United States,Atlanta United
Cueva,75,Peru,Peru
Van Damme,73,Belgium,Royal Antwerp FC
Roldan,73,United States,Seattle Sounders FC
Basta,77,Serbia,Lazio
Pazzini,73,Italy,Hellas Verona
Pereyra,80,Argentina,Watford
Linetty,76,Poland,Sampdoria
Krhin,73,Slovenia,FC Nantes
Long,74,United States,New York Red Bulls
Santos,72,Venezuela,Deportivo de La Coruna
Schopf,77,Austria,FC Schalke 04
McBurnie,72,Scotland,Swansea City
Rabiot,83,France,Paris Saint-Germain
Bostock,72,England,Toulouse Football Club
Rzatkowski,73,Germany,New York Red Bulls
Nagbe,74,United States,Atlanta United
Martinez,79,Argentina,Inter
Riedewald,73,Netherlands,Crystal Palace
Begovic,78,Bosnia Herzegovina,Bournemouth
Unsain,73,Argentina,Defensa y Justicia
Kane,90,England,Tottenham Hotspur
Martins Indi,73,Netherlands,Stoke City
Garcia Guerreno,72,Paraguay,Club Atletico Lanus
Darmian,76,Italy,Manchester United
Bjelland,74,Denmark,FC Kobenhavn
Unal,77,Turkey,Real Valladolid CF
Ronaldo,94,Portugal,Manchester United
Ponce,74,Argentina,AEK Athens
Lozano,82,Mexico,PSV
Widmer,76,Switzerland,FC Basel 1893
Tomkins,78,England,Crystal Palace
Feilhaber,75,United States,Colorado Rapids
Rossettini,75,Italy,Chievo Verona
Sisto,78,Denmark,RC Celta
Sosa,74,Argentina,Pachuca
Gomez,72,Argentina,Club Atletico Lanus
Didot,73,France,En Avant de Guingamp
Weghorst,78,Netherlands,VfL Wolfsburg
Wendt,77,Sweden,Borussia Monchengladbach
Chatzigiovanis,72,Greece,Panathinaikos FC
Sterling,87,England,Manchester City
El Khayati,75,Netherlands,ADO Den Haag
Bettinelli,73,England,Fulham
Warda,72,Egypt,Egypt
Mounier,75,France,Panathinaikos FC
Huddlestone,72,England,Derby County
Gagliardini,78,Italy,Inter
Montes,71,Mexico,Club Leon
Sinclair,75,England,Celtic
Musacchio,80,Argentina,Milan
Simeone,78,Argentina,Fiorentina
Topal,76,Turkey,Fenerbahce SK
Nyland,72,Norway,Aston Villa
Olayinka,72,Nigeria,SK Slavia Praha
Moretti,75,Italy,Torino
Manceau,73,France,Angers SCO
Cantillo,73,Colombia,Junior FC
Pickford,83,England,Everton
Pereira,72,Mexico,Guadalajara
Rausch,73,Russia,Russia
Batshuayi,80,Belgium,Crystal Palace
Sidibe,79,France,AS Monaco
Marcone,79,Argentina,Boca Juniors
Guzman,72,Costa Rica,Portland Timbers
Origi,77,Belgium,Liverpool
Mulgrew,72,Scotland,Blackburn Rovers
Uysal,73,Turkey,Besiktas JK
Hanni,76,Algeria,Spartak Moscow
Savic,83,Montenegro,Atletico Madrid
Cataldi,75,Italy,Lazio
Abdulrahman,77,United Arab Emirates,Al Hilal
Blaszczykowski,74,Poland,Wisla Krakow
Allione,72,Argentina,Rosario Central
Antonsson,72,Sweden,Malmo FF
Braghieri,73,Argentina,Club Tijuana
Rodriguez,80,Switzerland,Milan
Akpoguma,75,Germany,Hannover 96
Zelarayan,75,Argentina,Tigres U.A.N.L.
Valdivia,77,Chile,Colo-Colo
Haraslin,72,Slovakia,Lechia Gdansk
Hallfrethsson,72,Iceland,Iceland
Cleverley,76,England,Watford
Fulgini,74,France,Angers SCO
Djiku,76,France,Stade Malherbe Caen
Musto,73,Argentina,SD Huesca
Lecomte,82,France,Montpellier HSC
Pizarro,79,Argentina,Tigres U.A.N.L.
Briancon,74,France,Nimes Olympique
Damm,75,Mexico,Tigres U.A.N.L.
Maggio,75,Italy,Benevento
Rodriguez,72,Argentina,Defensa y Justicia
Kent,73,England,Rangers FC
Sharp,73,England,Sheffield United
Andreu,71,France,Angers SCO
Lanzini,80,Argentina,West Ham United
Savarino,72,Venezuela,Real Salt Lake
Rizzo,72,Italy,Carpi
Grosicki,73,Poland,Hull City
Castillo,76,Chile,Chile
Christensen,80,Denmark,Chelsea
Trippier,82,England,Tottenham Hotspur
Nguyen,76,United States,Los Angeles FC
Hoarau,77,France,BSC Young Boys
Luckassen,73,Netherlands,Hertha BSC
Medjani,72,Algeria,Ohod Club
Hejda,71,Czech Republic,Viktoria Plzen
Buyalskyi,75,Ukraine,Dynamo Kyiv
Ricca,75,Uruguay,Malaga CF
Aguerre,72,Argentina,Newell's Old Boys
Lewis,73,England,Aberdeen
Macheda,73,Italy,Panathinaikos FC
Mothiba,74,South Africa,RC Strasbourg Alsace
Giaccherini,77,Italy,Chievo Verona
Mbappe,88,France,Paris Saint-Germain
Zajc,75,Slovenia,Fenerbahce SK
Ristovski,77,FYR Macedonia,Sporting CP
Bong,74,Cameroon,Brighton & Hove Albion
Lovren,81,Croatia,Liverpool
Rodallega,74,Colombia,Trabzonspor
Cyprien,78,France,OGC Nice
Rinne,72,Sweden,Aalborg BK
Babel,79,Netherlands,Fulham
Rudiger,82,Germany,Chelsea
Russ,73,Germany,Eintracht Frankfurt
Ndidi,81,Nigeria,Leicester City
Kalinic,79,Croatia,Atletico Madrid
Lazaro,75,Austria,Hertha BSC
Gurler,72,Turkey,Goztepe SK
Ozbayrakli,74,Turkey,Fenerbahce SK
Fajr,78,Morocco,Stade Malherbe Caen
Okaka,74,Italy,Udinese
Cabaco,75,Uruguay,Levante UD
Cerutti,73,Argentina,Independiente
Erokhin,74,Russia,Russia
Cunningham,74,Republic of Ireland,Cardiff City
Wijnaldum,83,Netherlands,Liverpool
Ndiaye,76,Senegal,Galatasaray SK
Lindelof,81,Sweden,Manchester United
Kuzyaev,77,Russia,Russia
Meret,76,Italy,Napoli
Bernardoni,75,France,Nimes Olympique
Perez,73,Colombia,Deportes Tolima
Gosens,73,Germany,Atalanta
Zoet,80,Netherlands,PSV
Ducksch,72,Germany,Fortuna Dusseldorf
Hernandez,73,Germany,Norwich City
Moller Dehli,72,Norway,FC St. Pauli
Ben Yedder,82,France,Sevilla FC
Rugani,82,Italy,Juventus
Konate,76,France,RB Leipzig
Murphy,72,England,West Bromwich Albion
Rezaei,73,Iran,Club Brugge KV
Balbuena,80,Paraguay,West Ham United
Pavez,73,Chile,Colo-Colo
Siebenhandl,71,Austria,SK Sturm Graz
Lodygin,75,Russia,Olympiacos CFP
Adams Nuhu,74,Ghana,TSG 1899 Hoffenheim
Aleesami,72,Norway,Palermo
Bentaleb,78,Algeria,FC Schalke 04
Skorupski,76,Poland,Bologna
Natcho,77,Israel,Olympiacos CFP
Mukiele,76,France,RB Leipzig
Grandsir,74,France,RC Strasbourg Alsace
Pavelka,73,Czech Republic,Kasimpasa SK
Johansson,73,Sweden,Stade Rennais FC
Elabdellaoui,75,Norway,Olympiacos CFP
Potuk,75,Turkey,Fenerbahce SK
Tomiyasu,73,Japan,Sint-Truidense VV
Delph,79,England,Manchester City
Henriquez,73,Chile,Universidad de Chile
Phiri,72,South Africa,En Avant de Guingamp
Campbell,75,Costa Rica,Club Leon
Hradecky,84,Finland,Bayer 04 Leverkusen
Foden,75,England,Manchester City
Dzhikiya,77,Russia,Spartak Moscow
Matuidi,85,France,Juventus
Gnabry,83,Germany,FC Bayern Munchen
Rybalka,73,Ukraine,Sivasspor
Maddison,77,England,Leicester City
Regattin,73,Morocco,Akhisar Belediyespor
Ochoa,77,Mexico,Standard de Liege
Guruceaga,73,Uruguay,Club Atletico Tigre
Cerci,72,Italy,MKE Ankaragucu
Pocrnjic,73,Argentina,Club Atletico Aldosivi
Saez,72,Argentina,Universidad Catolica
Matos,72,Brazil,Hellas Verona
Alakouch,72,France,Nimes Olympique
Rodriguez,74,Argentina,DC United
Marrone,73,Italy,Hellas Verona
Van de Beek,77,Netherlands,Ajax
Paterson,74,Scotland,Cardiff City
Inler,74,Switzerland,Medipol Basaksehir FK
Decarli,72,Switzerland,Club Brugge KV
Jajalo,75,Bosnia Herzegovina,Palermo
Immobile,87,Italy,Lazio
Douglas,74,Scotland,Leeds United
Gouffran,72,France,Goztepe SK
Centurion,77,Argentina,Racing Club
Rodelin,75,France,En Avant de Guingamp
Kanazaki,73,Japan,Sagan Tosu
Niasse,74,Senegal,Cardiff City
Pivaric,73,Croatia,Dynamo Kyiv
Rodriguez,77,Argentina,Club America
Baumjohann,73,Germany,Western Sydney Wanderers
Kalu,75,Nigeria,FC Girondins de Bordeaux
Chedjou,74,Cameroon,Bursaspor
Dolly,74,South Africa,Montpellier HSC
Robinson,72,Republic of Ireland,Preston North End
Bifouma,74,Congo,Yeni Malatyaspor
McArthur,76,Scotland,Crystal Palace
Lung,74,Romania,Kayserispor
Herrera,75,Argentina,Club Atletico Talleres
Mancini,72,Italy,Atalanta
Traore,74,Mali,Stade Rennais FC
Von Bergen,74,Switzerland,BSC Young Boys
Limbombe,73,Belgium,FC Nantes
Rogic,76,Australia,Celtic
Zambo Anguissa,73,Cameroon,Fulham
Mabiala,72,DR Congo,Portland Timbers
Fossum,73,Norway,Hannover 96
Eriksen,88,Denmark,Tottenham Hotspur
Kluivert,75,Netherlands,Roma
Acerbi,83,Italy,Lazio
Yedlin,76,United States,Newcastle United
Schulz,81,Germany,TSG 1899 Hoffenheim
Bamba,76,Ivory Coast,Cardiff City
Ciman,74,Belgium,Toronto FC
Klos,72,Germany,DSC Arminia Bielefeld
Grassi,75,Italy,Parma
Susic,72,Bosnia Herzegovina,VVV-Venlo
Arter,75,Republic of Ireland,Cardiff City
Klavan,77,Estonia,Cagliari
Henderson,82,England,Liverpool
Valdes,75,Chile,Chile
Barry,72,England,West Bromwich Albion
Saracchi,75,Uruguay,RB Leipzig
Naughton,73,England,Swansea City
Schieber,72,Germany,FC Augsburg
Gigot,76,France,Spartak Moscow
Yacob,72,Argentina,Nottingham Forest
Barba,73,Italy,Chievo Verona
Belotti,82,Italy,Torino
Hiljemark,74,Sweden,Genoa
Freeman,73,England,Queens Park Rangers
Benezet,74,France,En Avant de Guingamp
Haller,82,France,Eintracht Frankfurt
Gonzalez,72,United States,Club Atlas
Terrier,75,France,Olympique Lyonnais
Howson,73,England,Middlesbrough
Sigurjonsson,72,Iceland,Grasshopper Club Zurich
Meli,72,Argentina,Belgrano de Cordoba
Sacko,72,Mali,Vitoria Guimaraes
Ionita,74,Moldova,Cagliari
Stendera,74,Germany,Eintracht Frankfurt
Tevez,77,Argentina,Boca Juniors
Benzema,86,France,Real Madrid
Gbamin,79,Ivory Coast,FSV Mainz 05
Fernandez,80,Argentina,Beijing Renhe FC
Kovacic,83,Croatia,Chelsea
Martins,73,Bolivia,Bolivia
Soriano,77,Italy,Bologna
Krunic,74,Bosnia Herzegovina,Empoli
Elyounoussi,78,Norway,Southampton
Novak,73,Czech Republic,Trabzonspor
Van La Parra,72,Netherlands,Middlesbrough
Wan-Bissaka,76,England,Crystal Palace
Bonera,75,Italy,Villarreal CF
Schone,77,Denmark,Ajax
Ward,73,Wales,Leicester City
Junuzovic,78,Austria,FC Red Bull Salzburg
Fernandez,72,Argentina,Defensa y Justicia
Ben Arfa,79,France,Stade Rennais FC
Nordtveit,76,Norway,Fulham
Vlachodimos,78,Greece,Greece
Petrovic,75,Serbia,Sporting CP
Boyata,75,Belgium,Celtic
Alanis,71,Mexico,Real Oviedo
Silva,74,Argentina,Club Atletico Banfield
Pavon,79,Argentina,Boca Juniors
Gurtner,77,France,Amiens SC
Toure,76,France,FC Nantes
Consigli,82,Italy,Sassuolo
Sakho,74,Senegal,Bursaspor
Brandt,81,Germany,Bayer 04 Leverkusen
Praet,76,Belgium,Sampdoria
Lertora,72,Argentina,Belgrano de Cordoba
Aidoo,74,Ghana,KRC Genk
Larsson,73,Sweden,AIK
Vazquez,82,Argentina,Sevilla FC
Ferrari,75,Italy,Sassuolo
Clemens,73,Germany,FC Koln
Ake,80,Netherlands,Bournemouth
Hugill,72,England,Middlesbrough
Afful,72,Ghana,Columbus Crew SC
Sorbon,73,France,En Avant de Guingamp
Boli,72,Ivory Coast,Sint-Truidense VV
Goralski,73,Poland,Poland
Bizzarri,74,Argentina,Perugia
Rodriguez,74,Argentina,San Lorenzo de Almagro
Thuram,75,France,En Avant de Guingamp
Dituro,73,Argentina,Universidad Catolica
Jimenez,72,Chile,CD Palestino
Anor,73,Venezuela,SD Huesca
Spolli,74,Argentina,Crotone
Vokes,75,Wales,Stoke City
Baeza,73,Chile,Al Ahli
Kroos,72,Germany,FC Union Berlin
Valeri,80,Argentina,Portland Timbers
Coquelin,79,France,Valencia CF
Amavi,75,France,Olympique de Marseille
Wober,73,Austria,Sevilla FC
Tapia,74,Peru,Willem II
Dop,72,Croatia,Real Valladolid CF
Westwood,73,Republic of Ireland,Sheffield Wednesday
Alonso,75,Paraguay,Paraguay
Caseres,73,Argentina,Villarreal CF
Lopes,85,Portugal,Olympique Lyonnais
Frei,73,United States,Seattle Sounders FC
Benaglio,75,Switzerland,AS Monaco
Diony,74,France,AS Saint-etienne
Samassekou,78,Mali,FC Red Bull Salzburg
Rusnak,76,Slovakia,Real Salt Lake
Zivkovic,77,Serbia,SL Benfica
Cardenas,73,Colombia,Atletico Bucaramanga
St. Juste,73,Netherlands,Feyenoord
Kerbrat,75,France,En Avant de Guingamp
Biseswar,75,Netherlands,PAOK
Samaris,76,Greece,SL Benfica
Boilesen,72,Denmark,FC Kobenhavn
Cosic,72,Serbia,AEK Athens
Palacios,72,Colombia,Atletico Nacional
Abdennour,72,Tunisia,Olympique de Marseille
Srna,78,Croatia,Cagliari
Ozil,85,Germany,Arsenal
Krmencik,75,Czech Republic,Viktoria Plzen
Ricaurte,73,Colombia,Independiente Medellin
Promes,83,Netherlands,Sevilla FC
De Roon,76,Netherlands,Atalanta
Ignatiev,75,Russia,Lokomotiv Moscow
Goicoechea,72,Uruguay,Toulouse Football Club
Capelle,75,France,Angers SCO
Congre,75,France,Montpellier HSC
Eboa Eboa,73,Cameroon,En Avant de Guingamp
Aguilar,74,Mexico,Club America
Ekici,74,Turkey,Fenerbahce SK
Escobar,72,Argentina,Club Atletico Colon
Inui,80,Japan,Deportivo Alaves
Sanogo,77,Ivory Coast,Al Ittihad
Pjanic,86,Bosnia Herzegovina,Juventus
Orsic,73,Croatia,Dinamo Zagreb
Ferhat,72,Algeria,Le Havre AC
Stiepermann,72,Germany,Norwich City
Kayode,74,Nigeria,Shakhtar Donetsk
Pukki,75,Finland,Norwich City
Mandzukic,85,Croatia,Juventus
Al Habsi,72,Oman,Al Hilal
Oyongo,74,Cameroon,Montpellier HSC
Harnik,77,Austria,SV Werder Bremen
Carmona,73,Chile,Colo-Colo
Rosic,72,Serbia,CD Nacional
Troost-Ekong,73,Nigeria,Udinese
Stoger,76,Austria,Fortuna Dusseldorf
Gandolfi,73,Argentina,Club Atletico Talleres
Lucero,72,Argentina,Godoy Cruz
Mkhitaryan,82,Armenia,Arsenal
Gray,75,England,Leicester City
Najar,73,Honduras,RSC Anderlecht
Christie,74,Scotland,Celtic
Bednarek,72,Poland,Southampton
Marusic,78,Montenegro,Lazio
Qazaishvili,73,Georgia,San Jose Earthquakes
Dack,74,England,Blackburn Rovers
Success,73,Nigeria,Watford
Koch,73,Germany,SC Freiburg
Shelvey,78,England,Newcastle United
Correa,79,Argentina,Lazio
Gunter,75,Germany,SC Freiburg
Runje,72,Croatia,Jagiellonia Bialystok
Chiesa,79,Italy,Fiorentina
Mpoku,74,DR Congo,Standard de Liege
Moralez,76,Argentina,New York City FC
Ozbiliz,73,Armenia,Willem II
Locatelli,76,Italy,Sassuolo
Curci,72,Italy,Hammarby IF
Karlsson,73,Sweden,AIK
Pope,79,England,Burnley
Le Marchand,74,France,Fulham
Darlow,73,England,Newcastle United
Atal,75,Algeria,OGC Nice
Pasalic,76,Croatia,Atalanta
Navarro,73,Argentina,Queretaro
Laborde,78,France,Montpellier HSC
Valbuena,80,France,Fenerbahce SK
Schweinsteiger,79,Germany,Chicago Fire
Jensen,75,Denmark,RC Celta
Janson,73,Argentina,Club Atletico Tigre
Soumaoro,76,France,LOSC Lille
Jorgensen,77,Denmark,Feyenoord
Lemos,74,Uruguay,Sassuolo
Davis,74,Northern Ireland,Rangers FC
Hinteregger,78,Austria,Eintracht Frankfurt
Donnarumma,83,Italy,Milan
Pereira,77,Uruguay,FC Porto
Yotun,73,Peru,Peru
Santamaria,76,France,Angers SCO
Koroki,72,Japan,Urawa Red Diamonds
Kragl,73,Germany,Foggia
Celina,73,Kosovo,Swansea City
Dolberg,76,Denmark,Ajax
Upamecano,77,France,RB Leipzig
Martinez,74,Colombia,Club America
Kirintili,74,Turkey,Atiker Konyaspor
Neuer,89,Germany,FC Bayern Munchen
Belfodil,76,Algeria,TSG 1899 Hoffenheim
Giroud,82,France,Chelsea
Castellanos,72,Colombia,Independiente Santa Fe
Ramselaar,73,Netherlands,PSV
Milivojevic,79,Serbia,Crystal Palace
Barnes,76,Austria,Burnley
Carrillo,75,Argentina,CD Leganes
Gaman,72,Romania,Al Shabab
Biraghi,76,Italy,Fiorentina
Ring,75,Finland,New York City FC
Piccini,77,Italy,Valencia CF
Zampedri,74,Argentina,Rosario Central
Caceres,75,Paraguay,Paraguay
Mattiello,73,Italy,Bologna
Zuculini,74,Argentina,River Plate
Zaracho,74,Argentina,Racing Club
Aliendro,73,Argentina,Atletico Tucuman
Lafont,78,France,Fiorentina
Reus,88,Germany,Borussia Dortmund
Bonifazi,71,Italy,SPAL
Jeanvier,72,France,Brentford
Kishna,72,Netherlands,ADO Den Haag
Maier,75,Germany,Hertha BSC
Stambouli,79,France,FC Schalke 04
Antonelli,75,Italy,Empoli
Kapino,73,Greece,SV Werder Bremen
Tosun,78,Turkey,Everton
Ouwejan,72,Netherlands,AZ Alkmaar
Mitrovic,73,Croatia,Club Brugge KV
Costa,72,Italy,Benevento
Ayoub,75,Morocco,Feyenoord
Villanueva,76,Chile,Al Ittihad
Benedetto,79,Argentina,Boca Juniors
Toledo,73,Argentina,Club Atletico Colon
Morel,76,Madagascar,Olympique Lyonnais
Toko-Ekambi,79,Cameroon,Villarreal CF
Dwyer,72,United States,Orlando City SC
Acheampong,76,Ghana,Tianjin TEDA FC
Bautheac,74,France,Brisbane Roar
Saravia,75,Argentina,Argentina
Morozyuk,75,Ukraine,caykur Rizespor
Zeegelaar,75,Netherlands,Udinese
Moreno,76,Colombia,Club Atletico Talleres
Lasogga,72,Germany,Hamburger SV
Havertz,81,Germany,Bayer 04 Leverkusen
Smolnikov,79,Russia,Russia
Hurmaci,72,Turkey,Sivasspor
Fabra,77,Colombia,Boca Juniors
Carroll,72,England,Aston Villa
Britos,73,Uruguay,Queretaro
Gonzalez,77,Costa Rica,Bologna
Wanyama,79,Kenya,Tottenham Hotspur
Hernandez,79,Mexico,West Ham United
Traore,75,Ivory Coast,Angers SCO
Lang,77,Switzerland,Borussia Monchengladbach
Bou,77,Argentina,Club Tijuana
Pele,74,France,Olympique de Marseille
Draxler,83,Germany,Paris Saint-Germain
Kutepov,74,Russia,Spartak Moscow
Bezus,73,Ukraine,KAA Gent
Davies,75,England,Everton
Propper,78,Netherlands,Brighton & Hove Albion
Stepinski,73,Poland,Chievo Verona
Van Beek,75,Netherlands,Feyenoord
Lallana,79,England,Liverpool
Kehrer,79,Germany,Paris Saint-Germain
Banega,84,Argentina,Sevilla FC
Hlatshwayo,74,South Africa,South Africa
Dainelli,73,Italy,Livorno
Forsberg,82,Sweden,RB Leipzig
Matavz,74,Slovenia,Vitesse
Djene,78,Togo,Getafe CF
Heller,73,Germany,SV Darmstadt 98
Kasami,73,Switzerland,FC Sion
Rosario,74,Netherlands,PSV
Langerak,72,Australia,Australia
Morales,72,United States,Fortuna Dusseldorf
Rangel,73,Colombia,Junior FC
Jahanbakhsh,77,Iran,Brighton & Hove Albion
Rodriguez,87,Colombia,FC Bayern Munchen
Forren,73,Norway,Molde FK
Sliti,76,Tunisia,Dijon FCO
Hutchinson,72,England,Sheffield Wednesday
Krejci,75,Czech Republic,Bologna
Boril,73,Czech Republic,SK Slavia Praha
Gallardo,74,Mexico,Mexico
Zinchenko,74,Ukraine,Manchester City
Alvarez,72,Mexico,Club Necaxa
Cabral,76,Argentina,RC Celta
Shaparenko,73,Ukraine,Dynamo Kyiv
Berg,73,Sweden,Djurgardens IF
Insigne,88,Italy,Napoli
Dilaver,74,Austria,Dinamo Zagreb
Vranjes,72,Bosnia Herzegovina,RSC Anderlecht
Maupay,75,France,Brentford
El Kaddouri,76,Morocco,PAOK
Talavera,74,Mexico,Deportivo Toluca
Luthe,73,Germany,FC Augsburg
Gibbs,75,England,West Bromwich Albion
Perisic,85,Croatia,Inter
Nuzzolo,73,Switzerland,Neuchatel Xamax
Wiland,72,Sweden,Hammarby IF
Cardozo,73,Argentina,Racing Club
Weiser,77,Germany,Bayer 04 Leverkusen
Diop,74,Senegal,Beijing Renhe FC
Gayle,76,England,West Bromwich Albion
Forster,74,England,Southampton
Serero,75,South Africa,Vitesse
Caleta-Car,73,Croatia,Olympique de Marseille
Flekken,72,Netherlands,SC Freiburg
Burian,73,Uruguay,Club Atletico Colon
Ba,73,Senegal,Medipol Basaksehir FK
Drexler,74,Germany,FC Koln
Bianchi,73,Argentina,Atletico Tucuman
Buitrago,72,Colombia,America de Cali
Leya Iseka,72,Belgium,Toulouse Football Club
Williams,72,Australia,Al Qadisiyah
Ziyech,84,Morocco,Ajax
Rondon,77,Venezuela,Newcastle United
Veretout,79,France,Fiorentina
Bale,88,Wales,Real Madrid
Endo,72,Japan,Gamba Osaka
Nelson,72,England,TSG 1899 Hoffenheim
Horava,73,Czech Republic,Viktoria Plzen